date,venue_name,race_no,race_type,weather,wind_dir,wind_ms,wave_cm,rank,waku,reg_no,name,motor_no,boat_no,exhibition_time,course_enter,st_timing,race_time,won3,won3_pay,won3_pop,won2,won2_pay,won2_pop,trio,trio_pay,trio_pop,pair,pair_pay,pair_pop
20251122,,1,一般,晴,南,1,1,1,3,3975,小野寺 智 洋,65,41,6.80,3,0.11,1.48.4,3-1-5,1880,7,3-1,800,4,1-3-5,440,3,1-3,180,1
20251122,,1,一般,晴,南,1,1,2,1,5074,大 澤 誠 也,43,40,6.80,1,0.14,1.50.6,3-1-5,1880,7,3-1,800,4,1-3-5,440,3,1-3,180,1
20251122,,1,一般,晴,南,1,1,3,5,3964,宮 地 博 士,30,26,6.83,5,0.27,1.51.8,3-1-5,1880,7,3-1,800,4,1-3-5,440,3,1-3,180,1
20251122,,1,一般,晴,南,1,1,4,4,4902,山 川 雄 大,72,69,6.82,4,0.21,1.51.9,3-1-5,1880,7,3-1,800,4,1-3-5,440,3,1-3,180,1
20251122,,1,一般,晴,南,1,1,5,2,4727,安 部 慎 一,54,37,6.80,2,0.12,,3-1-5,1880,7,3-1,800,4,1-3-5,440,3,1-3,180,1
20251122,,1,一般,晴,南,1,1,6,6,4103,山 崎 善 庸,31,75,6.93,6,0.39,,3-1-5,1880,7,3-1,800,4,1-3-5,440,3,1-3,180,1
20251122,,2,一般,晴,南東,1,1,1,1,4121,富 永 修 一,76,68,6.90,1,0.12,1.49.1,1-4-6,1220,7,1-4,290,2,1-4-6,660,5,1-4,400,3
20251122,,2,一般,晴,南東,1,1,2,4,4549,小 林 文 彦,21,24,6.82,4,0.15,1.50.5,1-4-6,1220,7,1-4,290,2,1-4-6,660,5,1-4,400,3
20251122,,2,一般,晴,南東,1,1,3,6,4474,渡 辺 崇,47,14,6.84,5,0.14,1.51.2,1-4-6,1220,7,1-4,290,2,1-4-6,660,5,1-4,400,3
20251122,,2,一般,晴,南東,1,1,4,2,4248,岡 本 大,18,53,6.89,2,0.16,1.52.9,1-4-6,1220,7,1-4,290,2,1-4-6,660,5,1-4,400,3
20251122,,2,一般,晴,南東,1,1,5,3,4897,深 見 亜由美,19,34,6.87,3,0.19,,1-4-6,1220,7,1-4,290,2,1-4-6,660,5,1-4,400,3
20251122,,2,一般,晴,南東,1,1,6,5,5406,小 畑 楓 夏,27,18,6.86,6,0.17,,1-4-6,1220,7,1-4,290,2,1-4-6,660,5,1-4,400,3
20251122,,3,一般,晴,南東,1,1,1,1,5195,北 村 寧 々,58,58,6.82,1,0.19,1.59.8,1-3-4,960,3,1-3,430,2,1-3-4,450,2,1-3,330,1
20251122,,3,一般,晴,南東,1,1,2,3,4817,渡 邉 翼,56,63,6.83,3,0.13,2.02.0,1-3-4,960,3,1-3,430,2,1-3-4,450,2,1-3,330,1
20251122,,3,一般,晴,南東,1,1,3,4,4191,赤 羽 克 也,64,60,6.91,4,0.18,2.04.3,1-3-4,960,3,1-3,430,2,1-3-4,450,2,1-3,330,1
20251122,,3,一般,晴,南東,1,1,4,6,4896,花 本 剛,66,29,6.88,6,0.17,2.09.0,1-3-4,960,3,1-3,430,2,1-3-4,450,2,1-3,330,1
20251122,,4,一般,晴,東,1,1,1,3,4958,溝 口 海義也,36,46,6.75,3,0.08,1.54.0,3-4-5,3370,17,3-4,1430,7,3-4-5,1140,6,3-4,1250,6
20251122,,4,一般,晴,東,1,1,2,4,3772,一 柳 和 孝,75,33,6.84,4,0.06,1.55.8,3-4-5,3370,17,3-4,1430,7,3-4-5,1140,6,3-4,1250,6
20251122,,4,一般,晴,東,1,1,3,5,4790,柳 内 敬 太,41,36,6.75,5,0.06,2.00.3,3-4-5,3370,17,3-4,1430,7,3-4-5,1140,6,3-4,1250,6
20251122,,4,一般,晴,東,1,1,4,6,4211,村 田 敦,14,11,6.86,6,0.09,2.02.7,3-4-5,3370,17,3-4,1430,7,3-4-5,1140,6,3-4,1250,6
20251122,,4,一般,晴,東,1,1,5,2,3563,堤 昇,50,51,6.79,2,0.06,,3-4-5,3370,17,3-4,1430,7,3-4-5,1140,6,3-4,1250,6
20251122,,5,一般,晴,南東,1,1,1,2,4792,杉 村 賢 也,20,17,6.66,3,0.10,1.50.0,2-3-4,4610,15,2-3,1370,6,2-3-4,2440,10,2-3,1240,6
20251122,,5,一般,晴,南東,1,1,2,3,5057,上 田 紗 奈,45,50,6.75,4,0.10,1.50.2,2-3-4,4610,15,2-3,1370,6,2-3-4,2440,10,2-3,1240,6
20251122,,5,一般,晴,南東,1,1,3,4,5160,藤 森 陸 斗,16,61,6.78,5,0.12,1.51.6,2-3-4,4610,15,2-3,1370,6,2-3-4,2440,10,2-3,1240,6
20251122,,5,一般,晴,南東,1,1,4,6,4174,赤 坂 俊 輔,44,54,6.79,2,0.17,1.52.4,2-3-4,4610,15,2-3,1370,6,2-3-4,2440,10,2-3,1240,6
20251122,,5,一般,晴,南東,1,1,5,1,4654,篠 田 優 也,46,57,6.75,1,0.23,,2-3-4,4610,15,2-3,1370,6,2-3-4,2440,10,2-3,1240,6
20251122,,5,一般,晴,南東,1,1,6,5,4552,杉 山 勝 匡,29,35,6.76,6,0.09,,2-3-4,4610,15,2-3,1370,6,2-3-4,2440,10,2-3,1240,6
20251122,,6,一般,晴,南東,1,1,1,5,4512,高 野 哲 史,15,77,6.82,5,0.11,1.48.6,5-4-1,7870,34,5-4,2350,10,1-4-5,660,3,4-5,1120,6
20251122,,6,一般,晴,南東,1,1,2,4,4422,永 井 亮 次,40,59,6.83,4,0.17,1.50.8,5-4-1,7870,34,5-4,2350,10,1-4-5,660,3,4-5,1120,6
20251122,,6,一般,晴,南東,1,1,3,1,4474,渡 辺 崇,47,14,6.79,1,0.18,1.51.6,5-4-1,7870,34,5-4,2350,10,1-4-5,660,3,4-5,1120,6
20251122,,6,一般,晴,南東,1,1,4,6,4797,中 山 将,70,74,6.77,6,0.13,1.52.1,5-4-1,7870,34,5-4,2350,10,1-4-5,660,3,4-5,1120,6
20251122,,6,一般,晴,南東,1,1,5,3,5310,土 屋 蘭,69,20,6.83,3,0.20,,5-4-1,7870,34,5-4,2350,10,1-4-5,660,3,4-5,1120,6
20251122,,6,一般,晴,南東,1,1,6,2,4902,山 川 雄 大,72,69,6.87,2,0.21,,5-4-1,7870,34,5-4,2350,10,1-4-5,660,3,4-5,1120,6
20251122,,7,一般 進入固定,晴,南東,1,1,1,1,4171,榎 幸 司,51,16,6.85,1,0.12,1.49.3,1-4-2,2160,7,1-4,740,3,1-2-4,330,2,1-4,650,3
20251122,,7,一般 進入固定,晴,南東,1,1,2,4,4896,花 本 剛,66,29,6.84,4,0.16,1.51.2,1-4-2,2160,7,1-4,740,3,1-2-4,330,2,1-4,650,3
20251122,,7,一般 進入固定,晴,南東,1,1,3,2,4191,赤 羽 克 也,64,60,6.85,2,0.16,1.51.7,1-4-2,2160,7,1-4,740,3,1-2-4,330,2,1-4,650,3
20251122,,7,一般 進入固定,晴,南東,1,1,4,3,3964,宮 地 博 士,30,26,6.77,3,0.16,1.52.3,1-4-2,2160,7,1-4,740,3,1-2-4,330,2,1-4,650,3
20251122,,7,一般 進入固定,晴,南東,1,1,5,5,4720,西 澤 日花里,13,64,6.77,5,0.16,,1-4-2,2160,7,1-4,740,3,1-2-4,330,2,1-4,650,3
20251122,,7,一般 進入固定,晴,南東,1,1,6,6,5406,小 畑 楓 夏,27,18,6.84,6,0.26,,1-4-2,2160,7,1-4,740,3,1-2-4,330,2,1-4,650,3
20251122,,8,一般,晴,南東,1,1,1,1,4790,柳 内 敬 太,41,36,6.78,1,0.08,1.48.6,1-2-3,590,2,1-2,330,2,1-2-3,190,1,1-2,400,2
20251122,,8,一般,晴,南東,1,1,2,2,4549,小 林 文 彦,21,24,6.79,2,0.22,1.50.4,1-2-3,590,2,1-2,330,2,1-2-3,190,1,1-2,400,2
20251122,,8,一般,晴,南東,1,1,3,3,4991,宗 行 治 哉,32,27,6.79,3,0.17,1.50.8,1-2-3,590,2,1-2,330,2,1-2-3,190,1,1-2,400,2
20251122,,8,一般,晴,南東,1,1,4,4,5317,長 尾 萌 加,38,55,6.78,4,0.21,1.52.3,1-2-3,590,2,1-2,330,2,1-2-3,190,1,1-2,400,2
20251122,,8,一般,晴,南東,1,1,5,5,4727,安 部 慎 一,54,37,6.84,5,0.25,,1-2-3,590,2,1-2,330,2,1-2-3,190,1,1-2,400,2
20251122,,8,一般,晴,南東,1,1,6,6,4897,深 見 亜由美,19,34,6.79,6,0.35,,1-2-3,590,2,1-2,330,2,1-2-3,190,1,1-2,400,2
20251122,,9,一般特選,晴,南東,1,1,1,1,4552,杉 山 勝 匡,29,35,6.76,1,0.14,1.48.5,1-3-6,2300,9,1-3,290,1,1-3-6,1510,7,1-3,390,2
20251122,,9,一般特選,晴,南東,1,1,2,3,5074,大 澤 誠 也,43,40,6.73,3,0.13,1.50.0,1-3-6,2300,9,1-3,290,1,1-3-6,1510,7,1-3,390,2
20251122,,9,一般特選,晴,南東,1,1,3,6,4817,渡 邉 翼,56,63,6.81,6,0.07,1.50.9,1-3-6,2300,9,1-3,290,1,1-3-6,1510,7,1-3,390,2
20251122,,9,一般特選,晴,南東,1,1,4,2,3772,一 柳 和 孝,75,33,6.85,2,0.17,1.52.2,1-3-6,2300,9,1-3,290,1,1-3-6,1510,7,1-3,390,2
20251122,,9,一般特選,晴,南東,1,1,5,5,4654,篠 田 優 也,46,57,6.78,5,0.17,,1-3-6,2300,9,1-3,290,1,1-3-6,1510,7,1-3,390,2
20251122,,9,一般特選,晴,南東,1,1,6,4,4248,岡 本 大,18,53,6.84,4,0.13,,1-3-6,2300,9,1-3,290,1,1-3-6,1510,7,1-3,390,2
20251122,,10,特別選抜戦Ｂ,晴,南東,1,1,1,1,4958,溝 口 海義也,36,46,6.69,1,0.13,1.48.5,1-2-3,660,3,1-2,360,2,1-2-3,190,1,1-2,340,2
20251122,,10,特別選抜戦Ｂ,晴,南東,1,1,2,2,3975,小野寺 智 洋,65,41,6.75,2,0.18,1.49.3,1-2-3,660,3,1-2,360,2,1-2-3,190,1,1-2,340,2
20251122,,10,特別選抜戦Ｂ,晴,南東,1,1,3,3,4512,高 野 哲 史,15,77,6.80,3,0.17,1.51.2,1-2-3,660,3,1-2,360,2,1-2-3,190,1,1-2,340,2
20251122,,10,特別選抜戦Ｂ,晴,南東,1,1,4,4,4173,岡 谷 健 吾,62,21,6.79,4,0.21,1.53.5,1-2-3,660,3,1-2,360,2,1-2-3,190,1,1-2,340,2
20251122,,10,特別選抜戦Ｂ,晴,南東,1,1,5,5,4121,富 永 修 一,76,68,6.84,5,0.19,,1-2-3,660,3,1-2,360,2,1-2-3,190,1,1-2,340,2
20251122,,10,特別選抜戦Ｂ,晴,南東,1,1,6,6,5057,上 田 紗 奈,45,50,6.81,6,0.16,,1-2-3,660,3,1-2,360,2,1-2-3,190,1,1-2,340,2
20251122,,11,優勝戦,晴,南東,1,1,1,1,4019,笠 原 亮,53,48,6.76,1,0.10,1.48.1,1-2-5,1640,9,1-2,320,2,1-2-5,920,5,1-2,270,2
20251122,,11,優勝戦,晴,南東,1,1,2,2,4227,安 達 裕 樹,26,19,6.81,2,0.14,1.49.4,1-2-5,1640,9,1-2,320,2,1-2-5,920,5,1-2,270,2
20251122,,11,優勝戦,晴,南東,1,1,3,5,4601,森 野 正 弘,55,39,6.77,5,0.06,1.50.9,1-2-5,1640,9,1-2,320,2,1-2-5,920,5,1-2,270,2
20251122,,11,優勝戦,晴,南東,1,1,4,6,4102,益 田 啓 司,68,45,6.76,6,0.12,1.52.3,1-2-5,1640,9,1-2,320,2,1-2-5,920,5,1-2,270,2
20251122,,11,優勝戦,晴,南東,1,1,5,4,4118,宇佐見 淳,52,52,6.75,4,0.07,,1-2-5,1640,9,1-2,320,2,1-2-5,920,5,1-2,270,2
20251122,,11,優勝戦,晴,南東,1,1,6,3,4303,牧 原 崇,23,66,6.79,3,0.10,,1-2-5,1640,9,1-2,320,2,1-2-5,920,5,1-2,270,2
20251122,,12,特別選抜戦Ａ,晴,南東,1,1,1,1,4174,赤 坂 俊 輔,44,54,6.73,1,0.18,1.48.6,1-2-3,530,1,1-2,200,1,1-2-3,260,1,1-2,180,1
20251122,,12,特別選抜戦Ａ,晴,南東,1,1,2,2,4991,宗 行 治 哉,32,27,6.77,2,0.14,1.49.7,1-2-3,530,1,1-2,200,1,1-2-3,260,1,1-2,180,1
20251122,,12,特別選抜戦Ａ,晴,南東,1,1,3,3,5195,北 村 寧 々,58,58,6.79,3,0.14,1.50.1,1-2-3,530,1,1-2,200,1,1-2-3,260,1,1-2,180,1
20251122,,12,特別選抜戦Ａ,晴,南東,1,1,4,6,4171,榎 幸 司,51,16,6.89,6,0.19,1.52.5,1-2-3,530,1,1-2,200,1,1-2-3,260,1,1-2,180,1
20251122,,12,特別選抜戦Ａ,晴,南東,1,1,5,4,3563,堤 昇,50,30,6.77,4,0.16,,1-2-3,530,1,1-2,200,1,1-2-3,260,1,1-2,180,1
20251122,,12,特別選抜戦Ａ,晴,南東,1,1,6,5,4422,永 井 亮 次,40,59,6.85,5,0.20,,1-2-3,530,1,1-2,200,1,1-2-3,260,1,1-2,180,1
20251122,,1,サンライズＶ,晴,南,1,1,1,1,4036,金 田 諭,42,132,6.76,1,0.11,1.55.2,1-3-4,2340,8,1-3,470,3,1-3-4,1230,7,1-3,480,3
20251122,,1,サンライズＶ,晴,南,1,1,2,3,4257,古 川 健,4,123,6.70,3,0.19,1.57.4,1-3-4,2340,8,1-3,470,3,1-3-4,1230,7,1-3,480,3
20251122,,1,サンライズＶ,晴,南,1,1,3,4,4945,上 村 宏 太,44,136,6.72,4,0.18,1.58.5,1-3-4,2340,8,1-3,470,3,1-3-4,1230,7,1-3,480,3
20251122,,1,サンライズＶ,晴,南,1,1,4,5,4158,木 場 雄二郎,43,158,6.78,5,0.17,2.01.9,1-3-4,2340,8,1-3,470,3,1-3-4,1230,7,1-3,480,3
20251122,,1,サンライズＶ,晴,南,1,1,5,6,4110,小 澤 和 也,1,168,6.76,6,0.18,,1-3-4,2340,8,1-3,470,3,1-3-4,1230,7,1-3,480,3
20251122,,2,サンライズＷ,晴,南,1,1,1,1,3885,久 田 武,12,139,6.70,1,0.11,1.47.3,1-4-2,1410,5,1-4,340,1,1-2-4,580,3,1-4,180,1
20251122,,2,サンライズＷ,晴,南,1,1,2,4,4236,松 村 敏,3,159,6.73,4,0.14,1.48.3,1-4-2,1410,5,1-4,340,1,1-2-4,580,3,1-4,180,1
20251122,,2,サンライズＷ,晴,南,1,1,3,2,3843,上 之 晃 弘,6,145,6.84,2,0.15,1.50.1,1-4-2,1410,5,1-4,340,1,1-2-4,580,3,1-4,180,1
20251122,,2,サンライズＷ,晴,南,1,1,4,5,5298,水 谷 理 人,17,142,6.75,5,0.20,1.50.4,1-4-2,1410,5,1-4,340,1,1-2-4,580,3,1-4,180,1
20251122,,2,サンライズＷ,晴,南,1,1,5,3,4995,田 邉 亮 蔵,15,128,6.69,3,0.13,,1-4-2,1410,5,1-4,340,1,1-2-4,580,3,1-4,180,1
20251122,,2,サンライズＷ,晴,南,1,1,6,6,3539,金 子 順 一,16,154,6.76,6,0.27,,1-4-2,1410,5,1-4,340,1,1-2-4,580,3,1-4,180,1
20251122,,3,サンライズＸ,晴,南,1,1,1,1,4195,前 川 守 嗣,28,143,6.72,1,0.17,1.47.3,1-3-4,770,3,1-3,230,1,1-3-4,310,2,1-3,130,1
20251122,,3,サンライズＸ,晴,南,1,1,2,3,4364,池 永 太,38,138,6.70,3,0.23,1.48.8,1-3-4,770,3,1-3,230,1,1-3-4,310,2,1-3,130,1
20251122,,3,サンライズＸ,晴,南,1,1,3,4,4778,堤 啓 輔,2,115,6.75,4,0.22,1.50.0,1-3-4,770,3,1-3,230,1,1-3-4,310,2,1-3,130,1
20251122,,3,サンライズＸ,晴,南,1,1,4,5,4703,森 永 隆,21,131,6.74,5,0.21,1.51.5,1-3-4,770,3,1-3,230,1,1-3-4,310,2,1-3,130,1
20251122,,3,サンライズＸ,晴,南,1,1,5,2,4368,山 口 隆 史,57,155,6.75,2,0.26,,1-3-4,770,3,1-3,230,1,1-3-4,310,2,1-3,130,1
20251122,,3,サンライズＸ,晴,南,1,1,6,6,3339,泉 具 巳,14,146,6.77,6,0.39,,1-3-4,770,3,1-3,230,1,1-3-4,310,2,1-3,130,1
20251122,,4,サンライズＹ 進入固定,晴,南,2,2,1,3,4254,川 島 圭 司,30,147,6.69,3,0.13,1.47.6,3-1-4,1970,7,3-1,1090,4,1-3-4,160,1,1-3,180,1
20251122,,4,サンライズＹ 進入固定,晴,南,2,2,2,1,4042,丸 岡 正 典,56,118,6.69,1,0.16,1.48.9,3-1-4,1970,7,3-1,1090,4,1-3-4,160,1,1-3,180,1
20251122,,4,サンライズＹ 進入固定,晴,南,2,2,3,4,3997,北 村 征 嗣,26,119,6.74,4,0.26,1.50.4,3-1-4,1970,7,3-1,1090,4,1-3-4,160,1,1-3,180,1
20251122,,4,サンライズＹ 進入固定,晴,南,2,2,4,5,4393,田 中 孝 明,9,134,6.72,5,0.24,1.51.9,3-1-4,1970,7,3-1,1090,4,1-3-4,160,1,1-3,180,1
20251122,,4,サンライズＹ 進入固定,晴,南,2,2,5,6,5375,庄 島 潤 成,47,112,6.76,6,0.33,,3-1-4,1970,7,3-1,1090,4,1-3-4,160,1,1-3,180,1
20251122,,4,サンライズＹ 進入固定,晴,南,2,2,6,2,3224,栗 山 繁 洋,40,160,6.80,2,0.15,,3-1-4,1970,7,3-1,1090,4,1-3-4,160,1,1-3,180,1
20251122,,5,サンライズＺ,晴,南,1,1,1,6,3876,中 辻 崇 人,35,125,6.61,5,0.08,1.47.1,6-3-1,9960,35,6-3,3480,10,1-3-6,1820,7,3-6,2870,8
20251122,,5,サンライズＺ,晴,南,1,1,2,3,3920,正 木 聖 賢,11,113,6.72,4,0.04,1.48.4,6-3-1,9960,35,6-3,3480,10,1-3-6,1820,7,3-6,2870,8
20251122,,5,サンライズＺ,晴,南,1,1,3,1,4381,田 路 朋 史,19,156,6.65,1,0.15,1.50.9,6-3-1,9960,35,6-3,3480,10,1-3-6,1820,7,3-6,2870,8
20251122,,5,サンライズＺ,晴,南,1,1,4,5,4257,古 川 健,4,123,6.76,6,0.15,1.52.1,6-3-1,9960,35,6-3,3480,10,1-3-6,1820,7,3-6,2870,8
20251122,,5,サンライズＺ,晴,南,1,1,5,2,4436,渋 谷 明 憲,45,166,6.67,2,0.12,,6-3-1,9960,35,6-3,3480,10,1-3-6,1820,7,3-6,2870,8
20251122,,5,サンライズＺ,晴,南,1,1,6,4,4276,鈴 木 勝 博,55,127,6.74,3,0.08,,6-3-1,9960,35,6-3,3480,10,1-3-6,1820,7,3-6,2870,8
20251122,,6,一般,晴,南,1,1,1,4,4985,井 本 昌 也,60,162,6.69,4,0.09,1.46.8,4-5-6,770,1,4-5,370,1,4-5-6,370,2,4-5,270,1
20251122,,6,一般,晴,南,1,1,2,5,4052,興 津 藍,18,114,6.68,5,0.09,1.47.7,4-5-6,770,1,4-5,370,1,4-5-6,370,2,4-5,270,1
20251122,,6,一般,晴,南,1,1,3,6,3662,大 庭 元 明,22,150,6.71,6,0.12,1.49.8,4-5-6,770,1,4-5,370,1,4-5-6,370,2,4-5,270,1
20251122,,6,一般,晴,南,1,1,4,1,4995,田 邉 亮 蔵,15,128,6.66,1,0.14,1.51.1,4-5-6,770,1,4-5,370,1,4-5-6,370,2,4-5,270,1
20251122,,6,一般,晴,南,1,1,5,2,3873,別 府 昌 樹,7,126,6.84,2,0.15,,4-5-6,770,1,4-5,370,1,4-5-6,370,2,4-5,270,1
20251122,,6,一般,晴,南,1,1,6,3,4945,上 村 宏 太,44,136,6.73,3,0.15,,4-5-6,770,1,4-5,370,1,4-5-6,370,2,4-5,270,1
20251122,,7,一般 進入固定,晴,西,2,2,1,1,3477,近 藤 稔 也,5,169,6.71,1,0.21,1.48.8,1-3-4,2210,5,1-3,470,1,1-3-4,950,5,1-3,350,2
20251122,,7,一般 進入固定,晴,西,2,2,2,3,3643,米 田 隆 弘,34,117,6.74,3,0.17,1.49.3,1-3-4,2210,5,1-3,470,1,1-3-4,950,5,1-3,350,2
20251122,,7,一般 進入固定,晴,西,2,2,3,4,3539,金 子 順 一,16,154,6.76,4,0.14,1.50.1,1-3-4,2210,5,1-3,470,1,1-3-4,950,5,1-3,350,2
20251122,,7,一般 進入固定,晴,西,2,2,4,2,4110,小 澤 和 也,1,168,6.75,2,0.18,1.51.5,1-3-4,2210,5,1-3,470,1,1-3-4,950,5,1-3,350,2
20251122,,7,一般 進入固定,晴,西,2,2,5,5,4778,堤 啓 輔,2,115,6.75,5,0.09,,1-3-4,2210,5,1-3,470,1,1-3-4,950,5,1-3,350,2
20251122,,7,一般 進入固定,晴,西,2,2,6,6,5348,小 林 甘 寧,48,130,6.76,6,0.09,,1-3-4,2210,5,1-3,470,1,1-3-4,950,5,1-3,350,2
20251122,,8,一般,晴,西,2,2,1,2,4269,杉 山 裕 也,58,135,6.73,1,0.17,1.47.8,2-4-1,2540,10,2-4,710,4,1-2-4,440,2,2-4,600,3
20251122,,8,一般,晴,西,2,2,2,4,3349,吉 田 一 郎,49,149,6.80,4,0.22,1.48.9,2-4-1,2540,10,2-4,710,4,1-2-4,440,2,2-4,600,3
20251122,,8,一般,晴,西,2,2,3,1,4020,川 上 清 人,51,129,6.77,2,0.21,1.50.2,2-4-1,2540,10,2-4,710,4,1-2-4,440,2,2-4,600,3
20251122,,8,一般,晴,西,2,2,4,3,3362,間 嶋 仁 志,8,151,6.79,3,0.19,1.51.6,2-4-1,2540,10,2-4,710,4,1-2-4,440,2,2-4,600,3
20251122,,8,一般,晴,西,2,2,5,6,5049,松 井 友 汰,33,140,6.74,6,0.32,,2-4-1,2540,10,2-4,710,4,1-2-4,440,2,2-4,600,3
20251122,,8,一般,晴,西,2,2,6,5,4368,山 口 隆 史,57,155,6.76,5,0.36,,2-4-1,2540,10,2-4,710,4,1-2-4,440,2,2-4,600,3
20251122,,9,準優進出戦,晴,南西,2,2,1,1,4236,松 村 敏,3,159,6.77,1,0.12,1.46.8,1-4-3,750,3,1-4,410,3,1-3-4,220,1,1-4,360,3
20251122,,9,準優進出戦,晴,南西,2,2,2,4,4436,渋 谷 明 憲,45,166,6.77,4,0.18,1.49.6,1-4-3,750,3,1-4,410,3,1-3-4,220,1,1-4,360,3
20251122,,9,準優進出戦,晴,南西,2,2,3,3,4042,丸 岡 正 典,56,118,6.80,3,0.15,1.50.1,1-4-3,750,3,1-4,410,3,1-3-4,220,1,1-4,360,3
20251122,,9,準優進出戦,晴,南西,2,2,4,2,4158,木 場 雄二郎,43,158,6.83,2,0.21,1.52.0,1-4-3,750,3,1-4,410,3,1-3-4,220,1,1-4,360,3
20251122,,9,準優進出戦,晴,南西,2,2,5,6,3514,山 一 鉄 也,10,144,6.76,6,0.18,,1-4-3,750,3,1-4,410,3,1-3-4,220,1,1-4,360,3
20251122,,9,準優進出戦,晴,南西,2,2,6,5,3224,栗 山 繁 洋,40,160,6.81,5,0.21,,1-4-3,750,3,1-4,410,3,1-3-4,220,1,1-4,360,3
20251122,,10,準優進出戦,晴,西,1,1,1,1,4052,興 津 藍,18,114,6.71,1,0.21,1.46.8,1-2-4,590,1,1-2,220,1,1-2-4,330,1,1-2,200,1
20251122,,10,準優進出戦,晴,西,1,1,2,2,4195,前 川 守 嗣,28,143,6.77,2,0.11,1.48.9,1-2-4,590,1,1-2,220,1,1-2-4,330,1,1-2,200,1
20251122,,10,準優進出戦,晴,西,1,1,3,4,3885,久 田 武,12,139,6.74,4,0.05,1.49.9,1-2-4,590,1,1-2,220,1,1-2-4,330,1,1-2,200,1
20251122,,10,準優進出戦,晴,西,1,1,4,5,4276,鈴 木 勝 博,55,127,6.75,5,0.04,1.51.1,1-2-4,590,1,1-2,220,1,1-2-4,330,1,1-2,200,1
20251122,,10,準優進出戦,晴,西,1,1,5,3,4393,田 中 孝 明,9,134,6.78,3,0.08,,1-2-4,590,1,1-2,220,1,1-2-4,330,1,1-2,200,1
20251122,,10,準優進出戦,晴,西,1,1,6,6,3965,北 中 元 樹,53,122,6.90,6,0.09,,1-2-4,590,1,1-2,220,1,1-2-4,330,1,1-2,200,1
20251122,,11,準優進出戦,晴,北西,1,1,1,1,4985,井 本 昌 也,60,162,6.75,1,0.14,1.46.9,1-5-4,3010,12,1-5,740,4,1-4-5,1080,6,1-5,530,3
20251122,,11,準優進出戦,晴,北西,1,1,2,5,4036,金 田 諭,42,132,6.86,2,0.13,1.48.8,1-5-4,3010,12,1-5,740,4,1-4-5,1080,6,1-5,530,3
20251122,,11,準優進出戦,晴,北西,1,1,3,4,4703,森 永 隆,21,131,6.77,5,0.16,1.50.4,1-5-4,3010,12,1-5,740,4,1-4-5,1080,6,1-5,530,3
20251122,,11,準優進出戦,晴,北西,1,1,4,3,4381,田 路 朋 史,19,156,6.63,4,0.21,1.51.2,1-5-4,3010,12,1-5,740,4,1-4-5,1080,6,1-5,530,3
20251122,,11,準優進出戦,晴,北西,1,1,5,2,5298,水 谷 理 人,17,142,6.74,3,0.11,,1-5-4,3010,12,1-5,740,4,1-4-5,1080,6,1-5,530,3
20251122,,11,準優進出戦,晴,北西,1,1,6,6,4603,谷 川 将 太,39,167,6.78,6,0.18,,1-5-4,3010,12,1-5,740,4,1-4-5,1080,6,1-5,530,3
20251122,,12,準優進出戦,晴,西,4,4,1,3,3876,中 辻 崇 人,35,125,6.64,3,0.06,1.56.2,3-1-4,2420,10,3-1,880,5,1-3-4,380,2,1-3,170,1
20251122,,12,準優進出戦,晴,西,4,4,2,1,4364,池 永 太,38,138,6.73,1,0.12,1.59.2,3-1-4,2420,10,3-1,880,5,1-3-4,380,2,1-3,170,1
20251122,,12,準優進出戦,晴,西,4,4,3,4,4254,川 島 圭 司,30,147,6.74,4,0.05,2.00.7,3-1-4,2420,10,3-1,880,5,1-3-4,380,2,1-3,170,1
20251122,,12,準優進出戦,晴,西,4,4,4,6,4054,福 嶋 智 之,27,137,6.80,6,0.26,2.03.3,3-1-4,2420,10,3-1,880,5,1-3-4,380,2,1-3,170,1
20251122,,12,準優進出戦,晴,西,4,4,5,5,4269,杉 山 裕 也,58,135,6.72,5,0.09,,3-1-4,2420,10,3-1,880,5,1-3-4,380,2,1-3,170,1
20251122,,1,予選,晴,南東,2,2,1,1,5189,藤 原 早 菜,64,51,6.73,1,0.20,1.47.4,1-3-2,2340,8,1-3,1280,5,1-2-3,700,4,1-3,840,5
20251122,,1,予選,晴,南東,2,2,2,3,4479,矢 野 真梨菜,60,17,6.81,3,0.11,1.50.4,1-3-2,2340,8,1-3,1280,5,1-2-3,700,4,1-3,840,5
20251122,,1,予選,晴,南東,2,2,3,2,5173,谷 口 佳 蓮,50,60,6.70,2,0.17,1.52.2,1-3-2,2340,8,1-3,1280,5,1-2-3,700,4,1-3,840,5
20251122,,1,予選,晴,南東,2,2,4,6,3900,香 川 素 子,44,61,6.80,6,0.35,1.52.6,1-3-2,2340,8,1-3,1280,5,1-2-3,700,4,1-3,840,5
20251122,,1,予選,晴,南東,2,2,5,4,4843,深 尾 巴 恵,70,29,6.74,4,0.17,,1-3-2,2340,8,1-3,1280,5,1-2-3,700,4,1-3,840,5
20251122,,1,予選,晴,南東,2,2,6,5,5397,寺 田 夢 生,46,19,6.80,5,0.32,,1-3-2,2340,8,1-3,1280,5,1-2-3,700,4,1-3,840,5
20251122,,2,予選,晴,東,2,2,1,1,4510,坂 本 奈 央,61,13,6.79,1,0.23,1.48.7,1-3-5,10010,41,1-3,1010,5,1-3-5,3840,12,1-3,450,3
20251122,,2,予選,晴,東,2,2,2,3,5123,福 山 恵里奈,27,18,6.77,3,0.22,1.50.5,1-3-5,10010,41,1-3,1010,5,1-3-5,3840,12,1-3,450,3
20251122,,2,予選,晴,東,2,2,3,5,5342,原 村 百 那,11,11,6.77,5,0.20,1.52.4,1-3-5,10010,41,1-3,1010,5,1-3-5,3840,12,1-3,450,3
20251122,,2,予選,晴,東,2,2,4,4,3232,山 川 美由紀,69,36,6.76,4,0.21,1.53.3,1-3-5,10010,41,1-3,1010,5,1-3-5,3840,12,1-3,450,3
20251122,,2,予選,晴,東,2,2,5,2,5306,河 内 悠利杏,41,56,6.75,2,0.23,,1-3-5,10010,41,1-3,1010,5,1-3-5,3840,12,1-3,450,3
20251122,,2,予選,晴,東,2,2,6,6,5291,三 嶌 こころ,18,54,6.83,6,0.27,,1-3-5,10010,41,1-3,1010,5,1-3-5,3840,12,1-3,450,3
20251122,,3,予選,晴,南東,1,1,1,1,4464,山 下 友 貴,32,40,6.72,1,0.11,1.47.0,1-3-2,580,2,1-3,310,2,1-2-3,160,1,1-3,210,1
20251122,,3,予選,晴,南東,1,1,2,3,5146,野 田 彩 加,43,44,6.78,3,0.20,1.49.7,1-3-2,580,2,1-3,310,2,1-2-3,160,1,1-3,210,1
20251122,,3,予選,晴,南東,1,1,3,2,4243,西 村 歩,66,30,6.72,2,0.27,1.51.1,1-3-2,580,2,1-3,310,2,1-2-3,160,1,1-3,210,1
20251122,,3,予選,晴,南東,1,1,4,6,5151,山 下 奈 緒,68,64,6.74,6,0.25,1.52.8,1-3-2,580,2,1-3,310,2,1-2-3,160,1,1-3,210,1
20251122,,3,予選,晴,南東,1,1,5,4,3207,田 村 美 和,49,28,6.78,4,0.14,,1-3-2,580,2,1-3,310,2,1-2-3,160,1,1-3,210,1
20251122,,3,予選,晴,南東,1,1,6,5,5391,出 穂 和 鼓,31,67,6.72,5,0.21,,1-3-2,580,2,1-3,310,2,1-2-3,160,1,1-3,210,1
20251122,,4,予選,晴,南東,1,1,1,1,4240,今 井 裕 梨,24,15,6.64,1,0.12,1.48.1,1-3-2,560,1,1-3,220,1,1-2-3,280,1,1-3,200,1
20251122,,4,予選,晴,南東,1,1,2,3,3334,角 ひとみ,65,52,6.67,3,0.18,1.49.4,1-3-2,560,1,1-3,220,1,1-2-3,280,1,1-3,200,1
20251122,,4,予選,晴,南東,1,1,3,2,4947,間 庭 菜 摘,25,26,6.72,2,0.23,1.51.1,1-3-2,560,1,1-3,220,1,1-2-3,280,1,1-3,200,1
20251122,,4,予選,晴,南東,1,1,4,4,4071,古 賀 千 晶,54,25,6.73,4,0.16,1.51.7,1-3-2,560,1,1-3,220,1,1-2-3,280,1,1-3,200,1
20251122,,4,予選,晴,南東,1,1,5,5,5079,大 石 真 央,23,16,6.78,5,0.14,,1-3-2,560,1,1-3,220,1,1-2-3,280,1,1-3,200,1
20251122,,4,予選,晴,南東,1,1,6,6,5387,戸 田 海咲音,15,50,6.77,6,0.12,,1-3-2,560,1,1-3,220,1,1-2-3,280,1,1-3,200,1
20251122,,5,シーモ戦,晴,南東,1,1,1,1,4900,中 田 夕 貴,39,32,6.72,1,0.15,1.47.5,1-5-2,5410,16,1-5,2440,7,1-2-5,610,3,1-5,1970,7
20251122,,5,シーモ戦,晴,南東,1,1,2,5,4714,喜多須 杏 奈,14,48,6.78,5,0.13,1.50.1,1-5-2,5410,16,1-5,2440,7,1-2-5,610,3,1-5,1970,7
20251122,,5,シーモ戦,晴,南東,1,1,3,2,4478,櫻 本 あゆみ,59,22,6.71,2,0.15,1.51.6,1-5-2,5410,16,1-5,2440,7,1-2-5,610,3,1-5,1970,7
20251122,,5,シーモ戦,晴,南東,1,1,4,6,4313,西 村 美智子,22,72,6.77,6,0.08,1.52.3,1-5-2,5410,16,1-5,2440,7,1-2-5,610,3,1-5,1970,7
20251122,,5,シーモ戦,晴,南東,1,1,5,3,4901,出 口 舞有子,72,47,6.72,3,0.18,,1-5-2,5410,16,1-5,2440,7,1-2-5,610,3,1-5,1970,7
20251122,,5,シーモ戦,晴,南東,1,1,6,4,4224,大 橋 栄里佳,35,38,6.69,4,0.21,,1-5-2,5410,16,1-5,2440,7,1-2-5,610,3,1-5,1970,7
20251122,,6,予選,晴,北西,1,1,1,2,5163,清 水 愛 海,45,20,6.77,1,0.06,1.47.5,2-3-1,940,4,2-3,350,1,1-2-3,230,1,2-3,360,2
20251122,,6,予選,晴,北西,1,1,2,3,4372,原 田 佑 実,73,27,6.84,3,0.14,1.49.5,2-3-1,940,4,2-3,350,1,1-2-3,230,1,2-3,360,2
20251122,,6,予選,晴,北西,1,1,3,1,5248,本 田 愛,55,45,6.73,2,0.21,1.50.0,2-3-1,940,4,2-3,350,1,1-2-3,230,1,2-3,360,2
20251122,,6,予選,晴,北西,1,1,4,5,5291,三 嶌 こころ,18,54,6.81,5,0.12,1.52.7,2-3-1,940,4,2-3,350,1,1-2-3,230,1,2-3,360,2
20251122,,6,予選,晴,北西,1,1,5,4,5340,樋江井 舞,38,12,6.74,4,0.11,,2-3-1,940,4,2-3,350,1,1-2-3,230,1,2-3,360,2
20251122,,6,予選,晴,北西,1,1,6,6,5397,寺 田 夢 生,46,19,6.82,6,0.04,,2-3-1,940,4,2-3,350,1,1-2-3,230,1,2-3,360,2
20251122,,7,予選,晴,北西,1,1,1,2,4014,片 岡 恵 里,28,66,6.75,2,0.11,1.47.9,2-1-3,4200,14,2-1,630,3,1-2-3,660,3,1-2,140,1
20251122,,7,予選,晴,北西,1,1,2,1,4117,廣 中 智紗衣,26,37,6.71,1,0.15,1.49.1,2-1-3,4200,14,2-1,630,3,1-2-3,660,3,1-2,140,1
20251122,,7,予選,晴,北西,1,1,3,3,5306,河 内 悠利杏,41,56,6.72,3,0.12,1.51.8,2-1-3,4200,14,2-1,630,3,1-2-3,660,3,1-2,140,1
20251122,,7,予選,晴,北西,1,1,4,5,4300,加 藤 綾,40,65,6.75,5,0.13,1.53.4,2-1-3,4200,14,2-1,630,3,1-2-3,660,3,1-2,140,1
20251122,,7,予選,晴,北西,1,1,5,6,5391,出 穂 和 鼓,31,67,6.72,6,0.12,,2-1-3,4200,14,2-1,630,3,1-2-3,660,3,1-2,140,1
20251122,,7,予選,晴,北西,1,1,6,4,3470,新 田 芳 美,58,39,6.78,4,0.12,,2-1-3,4200,14,2-1,630,3,1-2-3,660,3,1-2,140,1
20251122,,8,予選 進入固定,晴,北西,1,1,1,1,4938,小 芦 るり華,33,71,6.70,1,0.08,1.47.9,1-4-2,980,6,1-4,310,3,1-2-4,470,3,1-4,280,2
20251122,,8,予選 進入固定,晴,北西,1,1,2,4,5173,谷 口 佳 蓮,50,60,6.73,4,0.12,1.49.7,1-4-2,980,6,1-4,310,3,1-2-4,470,3,1-4,280,2
20251122,,8,予選 進入固定,晴,北西,1,1,3,2,4408,仁 科 さやか,29,57,6.69,2,0.06,1.51.7,1-4-2,980,6,1-4,310,3,1-2-4,470,3,1-4,280,2
20251122,,8,予選 進入固定,晴,北西,1,1,4,3,4947,間 庭 菜 摘,25,26,6.74,3,0.12,1.52.9,1-4-2,980,6,1-4,310,3,1-2-4,470,3,1-4,280,2
20251122,,8,予選 進入固定,晴,北西,1,1,5,5,3207,田 村 美 和,49,28,6.79,5,0.13,,1-4-2,980,6,1-4,310,3,1-2-4,470,3,1-4,280,2
20251122,,8,予選 進入固定,晴,北西,1,1,6,6,5342,原 村 百 那,11,11,6.75,6,0.14,,1-4-2,980,6,1-4,310,3,1-2-4,470,3,1-4,280,2
20251122,,9,予選,晴,東,1,1,1,3,5189,藤 原 早 菜,64,51,6.69,3,0.18,1.47.7,3-1-2,2290,9,3-1,450,2,1-2-3,360,2,1-3,210,1
20251122,,9,予選,晴,東,1,1,2,1,4854,大 橋 由 珠,17,63,6.69,1,0.19,1.51.0,3-1-2,2290,9,3-1,450,2,1-2-3,360,2,1-3,210,1
20251122,,9,予選,晴,東,1,1,3,2,4246,喜 多 那由夏,20,14,6.77,2,0.18,1.52.1,3-1-2,2290,9,3-1,450,2,1-2-3,360,2,1-3,210,1
20251122,,9,予選,晴,東,1,1,4,5,5162,松 尾 怜 実,12,49,6.74,5,0.14,1.52.2,3-1-2,2290,9,3-1,450,2,1-2-3,360,2,1-3,210,1
20251122,,9,予選,晴,東,1,1,5,6,4901,出 口 舞有子,72,47,6.73,6,0.13,,3-1-2,2290,9,3-1,450,2,1-2-3,360,2,1-3,210,1
20251122,,9,予選,晴,東,1,1,6,4,3778,安 達 美 帆,71,43,6.74,4,0.20,,3-1-2,2290,9,3-1,450,2,1-2-3,360,2,1-3,210,1
20251122,,10,一般特賞,晴,東,1,1,1,1,4243,西 村 歩,66,30,6.77,1,0.10,1.48.1,1-3-4,2090,7,1-3,510,1,1-3-4,1020,5,1-3,380,2
20251122,,10,一般特賞,晴,東,1,1,2,3,4900,中 田 夕 貴,39,32,6.75,3,0.08,1.49.0,1-3-4,2090,7,1-3,510,1,1-3-4,1020,5,1-3,380,2
20251122,,10,一般特賞,晴,東,1,1,3,4,3334,角 ひとみ,65,52,6.69,4,0.22,1.51.1,1-3-4,2090,7,1-3,510,1,1-3-4,1020,5,1-3,380,2
20251122,,10,一般特賞,晴,東,1,1,4,5,5163,清 水 愛 海,45,20,6.79,5,0.21,1.52.2,1-3-4,2090,7,1-3,510,1,1-3-4,1020,5,1-3,380,2
20251122,,10,一般特賞,晴,東,1,1,5,2,3232,山 川 美由紀,69,36,6.78,2,0.12,,1-3-4,2090,7,1-3,510,1,1-3-4,1020,5,1-3,380,2
20251122,,10,一般特賞,晴,東,1,1,6,6,4479,矢 野 真梨菜,60,17,6.76,6,0.20,,1-3-4,2090,7,1-3,510,1,1-3-4,1020,5,1-3,380,2
20251122,,11,一般特選,晴,北,1,1,1,1,4014,片 岡 恵 里,28,66,6.72,1,0.12,1.48.0,1-4-3,1130,4,1-4,510,3,1-3-4,290,1,1-4,370,3
20251122,,11,一般特選,晴,北,1,1,2,4,4240,今 井 裕 梨,24,15,6.72,4,0.08,1.50.4,1-4-3,1130,4,1-4,510,3,1-3-4,290,1,1-4,370,3
20251122,,11,一般特選,晴,北,1,1,3,3,3900,香 川 素 子,44,61,6.81,3,0.10,1.50.7,1-4-3,1130,4,1-4,510,3,1-3-4,290,1,1-4,370,3
20251122,,11,一般特選,晴,北,1,1,4,5,5248,本 田 愛,55,45,6.72,5,0.11,1.52.1,1-4-3,1130,4,1-4,510,3,1-3-4,290,1,1-4,370,3
20251122,,11,一般特選,晴,北,1,1,5,2,4714,喜多須 杏 奈,14,48,6.80,2,0.13,,1-4-3,1130,4,1-4,510,3,1-3-4,290,1,1-4,370,3
20251122,,11,一般特選,晴,北,1,1,6,6,5123,福 山 恵里奈,27,18,6.80,6,0.15,,1-4-3,1130,4,1-4,510,3,1-3-4,290,1,1-4,370,3
20251122,,12,一般ジュ特選,晴,北東,2,2,1,1,4478,櫻 本 あゆみ,59,22,6.70,1,0.18,1.47.9,1-5-3,5190,20,1-5,1380,5,1-3-5,1050,6,1-5,980,4
20251122,,12,一般ジュ特選,晴,北東,2,2,2,5,4117,廣 中 智紗衣,26,37,6.74,5,0.32,1.48.8,1-5-3,5190,20,1-5,1380,5,1-3-5,1050,6,1-5,980,4
20251122,,12,一般ジュ特選,晴,北東,2,2,3,3,4843,深 尾 巴 恵,70,29,6.70,3,0.15,1.51.6,1-5-3,5190,20,1-5,1380,5,1-3-5,1050,6,1-5,980,4
20251122,,12,一般ジュ特選,晴,北東,2,2,4,4,4938,小 芦 るり華,33,71,6.75,4,0.25,1.52.5,1-5-3,5190,20,1-5,1380,5,1-3-5,1050,6,1-5,980,4
20251122,,12,一般ジュ特選,晴,北東,2,2,5,6,5146,野 田 彩 加,43,44,6.82,6,0.31,,1-5-3,5190,20,1-5,1380,5,1-3-5,1050,6,1-5,980,4
20251122,,12,一般ジュ特選,晴,北東,2,2,6,2,4372,原 田 佑 実,73,27,6.80,2,0.25,,1-5-3,5190,20,1-5,1380,5,1-3-5,1050,6,1-5,980,4
20251122,,1,ファーストＢ,晴,東,1,1,1,1,4518,大須賀 友,28,20,6.72,1,0.17,1.49.3,1-6-2,4740,13,1-6,1220,4,1-2-6,970,4,1-6,1790,4
20251122,,1,ファーストＢ,晴,東,1,1,2,6,4449,中 嶋 達 也,27,14,6.64,6,0.01,1.50.9,1-6-2,4740,13,1-6,1220,4,1-2-6,970,4,1-6,1790,4
20251122,,1,ファーストＢ,晴,東,1,1,3,2,3907,村 越 篤,30,57,6.69,2,0.12,1.52.0,1-6-2,4740,13,1-6,1220,4,1-2-6,970,4,1-6,1790,4
20251122,,1,ファーストＢ,晴,東,1,1,4,5,4844,村 上 奈 穂,52,53,6.72,5,0.15,1.52.1,1-6-2,4740,13,1-6,1220,4,1-2-6,970,4,1-6,1790,4
20251122,,1,ファーストＢ,晴,東,1,1,5,3,5020,宮 村 勇 哉,25,72,6.69,3,0.13,1.53.7,1-6-2,4740,13,1-6,1220,4,1-2-6,970,4,1-6,1790,4
20251122,,1,ファーストＢ,晴,東,1,1,6,4,4485,楠 原 正 剛,82,26,6.70,4,0.10,1.54.7,1-6-2,4740,13,1-6,1220,4,1-2-6,970,4,1-6,1790,4
20251122,,2,予選,晴,東,1,1,1,1,3703,鳥 飼 眞,19,59,6.69,1,0.17,1.49.4,1-4-6,580,1,1-4,300,1,1-4-6,300,1,1-4,330,1
20251122,,2,予選,晴,東,1,1,2,4,4293,鈴 木 智 啓,56,18,6.76,4,0.11,1.50.1,1-4-6,580,1,1-4,300,1,1-4-6,300,1,1-4,330,1
20251122,,2,予選,晴,東,1,1,3,6,4292,麻 生 慎 介,80,38,6.73,5,0.10,1.52.4,1-4-6,580,1,1-4,300,1,1-4-6,300,1,1-4,330,1
20251122,,2,予選,晴,東,1,1,4,3,4200,早 川 尚 人,26,34,6.70,3,0.08,1.54.2,1-4-6,580,1,1-4,300,1,1-4-6,300,1,1-4,330,1
20251122,,2,予選,晴,東,1,1,5,2,5313,鈴 木 唯 央,18,80,6.69,2,0.14,1.54.3,1-4-6,580,1,1-4,300,1,1-4-6,300,1,1-4,330,1
20251122,,2,予選,晴,東,1,1,6,5,5442,池 田 美 優,22,75,6.77,6,0.13,1.56.8,1-4-6,580,1,1-4,300,1,1-4-6,300,1,1-4,330,1
20251122,,3,予選,晴,北東,2,2,1,4,4374,永 田 義 紘,53,24,6.63,4,0.16,1.49.3,4-1-3,10160,35,4-1,2030,7,1-3-4,1280,6,1-4,650,3
20251122,,3,予選,晴,北東,2,2,2,1,5241,門 田 栞,34,66,6.61,1,0.22,1.50.3,4-1-3,10160,35,4-1,2030,7,1-3-4,1280,6,1-4,650,3
20251122,,3,予選,晴,北東,2,2,3,3,3659,藤 生 雄 人,54,50,6.75,3,0.22,1.52.7,4-1-3,10160,35,4-1,2030,7,1-3-4,1280,6,1-4,650,3
20251122,,3,予選,晴,北東,2,2,4,6,4253,西 川 真 人,33,16,6.75,6,0.17,1.53.2,4-1-3,10160,35,4-1,2030,7,1-3-4,1280,6,1-4,650,3
20251122,,3,予選,晴,北東,2,2,5,5,4466,南 佑 典,81,61,6.71,5,0.15,1.53.6,4-1-3,10160,35,4-1,2030,7,1-3-4,1280,6,1-4,650,3
20251122,,3,予選,晴,北東,2,2,6,2,4144,石 塚 久 也,14,25,6.64,2,0.23,1.54.9,4-1-3,10160,35,4-1,2030,7,1-3-4,1280,6,1-4,650,3
20251122,,4,予選,晴,北東,1,1,1,1,4323,山 田 佑 樹,51,81,6.66,1,0.02,1.49.0,1-4-2,3400,14,1-4,1350,8,1-2-4,670,3,1-4,900,5
20251122,,4,予選,晴,北東,1,1,2,4,4873,蒲 原 健 太,78,77,6.68,4,0.15,1.50.4,1-4-2,3400,14,1-4,1350,8,1-2-4,670,3,1-4,900,5
20251122,,4,予選,晴,北東,1,1,3,2,3918,深 井 利 寿,31,37,6.71,2,0.10,1.51.4,1-4-2,3400,14,1-4,1350,8,1-2-4,670,3,1-4,900,5
20251122,,4,予選,晴,北東,1,1,4,3,4059,入 澤 友 治,13,31,6.68,3,0.11,1.52.1,1-4-2,3400,14,1-4,1350,8,1-2-4,670,3,1-4,900,5
20251122,,4,予選,晴,北東,1,1,5,5,4074,柳 沢 一,23,78,6.71,5,0.18,1.52.6,1-4-2,3400,14,1-4,1350,8,1-2-4,670,3,1-4,900,5
20251122,,4,予選,晴,北東,1,1,6,6,5435,中 西 月 輝,36,70,6.71,6,0.22,1.56.6,1-4-2,3400,14,1-4,1350,8,1-2-4,670,3,1-4,900,5
20251122,,5,予選,晴,北東,2,2,1,2,3569,増 田 進,57,33,6.64,2,0.15,1.49.4,2-1-3,5820,17,2-1,2680,8,1-2-3,480,2,1-2,770,4
20251122,,5,予選,晴,北東,2,2,2,1,4260,中 越 博 紀,55,74,6.77,1,0.14,1.50.8,2-1-3,5820,17,2-1,2680,8,1-2-3,480,2,1-2,770,4
20251122,,5,予選,晴,北東,2,2,3,3,3327,野長瀬 正 孝,37,76,6.72,3,0.12,1.52.9,2-1-3,5820,17,2-1,2680,8,1-2-3,480,2,1-2,770,4
20251122,,5,予選,晴,北東,2,2,4,4,3963,原 田 秀 弥,60,15,6.71,4,0.26,1.53.3,2-1-3,5820,17,2-1,2680,8,1-2-3,480,2,1-2,770,4
20251122,,5,予選,晴,北東,2,2,5,5,4063,市 橋 卓 士,29,63,6.74,5,0.18,1.55.2,2-1-3,5820,17,2-1,2680,8,1-2-3,480,2,1-2,770,4
20251122,,5,予選,晴,北東,2,2,6,6,5272,松 田 真 実,11,36,6.69,6,0.16,1.55.7,2-1-3,5820,17,2-1,2680,8,1-2-3,480,2,1-2,770,4
20251122,,6,ランチ特賞,晴,東,2,2,1,1,4522,古 澤 光 紀,38,23,6.67,1,0.15,1.49.1,1-2-3,480,1,1-2,210,1,1-2-3,410,2,1-2,150,1
20251122,,6,ランチ特賞,晴,東,2,2,2,2,4518,大須賀 友,28,20,6.73,2,0.21,1.50.7,1-2-3,480,1,1-2,210,1,1-2-3,410,2,1-2,150,1
20251122,,6,ランチ特賞,晴,東,2,2,3,3,3454,井 川 大 作,16,28,6.74,3,0.09,1.51.5,1-2-3,480,1,1-2,210,1,1-2-3,410,2,1-2,150,1
20251122,,6,ランチ特賞,晴,東,2,2,4,5,4216,星 栄 爾,15,13,6.80,5,0.13,1.53.2,1-2-3,480,1,1-2,210,1,1-2-3,410,2,1-2,150,1
20251122,,6,ランチ特賞,晴,東,2,2,5,4,4112,大久保 信一郎,21,58,6.67,4,0.12,1.53.7,1-2-3,480,1,1-2,210,1,1-2-3,410,2,1-2,150,1
20251122,,6,ランチ特賞,晴,東,2,2,6,6,4627,藤 原 菜 希,17,12,6.69,6,0.07,1.55.8,1-2-3,480,1,1-2,210,1,1-2-3,410,2,1-2,150,1
20251122,,7,予選,晴,東,2,2,1,3,4207,松 下 一 也,32,69,6.73,3,0.07,1.49.6,3-4-5,3380,15,3-4,880,3,3-4-5,1220,6,3-4,640,5
20251122,,7,予選,晴,東,2,2,2,4,4759,今 泉 友 吾,59,17,6.70,4,0.09,1.51.0,3-4-5,3380,15,3-4,880,3,3-4-5,1220,6,3-4,640,5
20251122,,7,予選,晴,東,2,2,3,5,4374,永 田 義 紘,53,24,6.65,5,0.09,1.52.7,3-4-5,3380,15,3-4,880,3,3-4-5,1220,6,3-4,640,5
20251122,,7,予選,晴,東,2,2,4,2,4193,郷 原 章 平,39,82,6.73,2,0.08,1.53.5,3-4-5,3380,15,3-4,880,3,3-4-5,1220,6,3-4,640,5
20251122,,7,予選,晴,東,2,2,5,1,5020,宮 村 勇 哉,25,72,6.75,1,0.11,1.55.0,3-4-5,3380,15,3-4,880,3,3-4-5,1220,6,3-4,640,5
20251122,,7,予選,晴,東,2,2,6,6,5442,池 田 美 優,22,75,6.79,6,0.14,1.57.5,3-4-5,3380,15,3-4,880,3,3-4-5,1220,6,3-4,640,5
20251122,,8,予選,晴,東,3,3,1,4,4200,早 川 尚 人,26,34,6.79,4,0.10,1.50.4,4-3-6,17180,67,4-3,4260,18,3-4-6,4420,17,3-4,1810,7
20251122,,8,予選,晴,東,3,3,2,3,4844,村 上 奈 穂,52,53,6.77,3,0.12,1.51.6,4-3-6,17180,67,4-3,4260,18,3-4-6,4420,17,3-4,1810,7
20251122,,8,予選,晴,東,3,3,3,6,5143,常 盤 海 心,24,21,6.75,6,0.27,1.53.0,4-3-6,17180,67,4-3,4260,18,3-4-6,4420,17,3-4,1810,7
20251122,,8,予選,晴,東,3,3,4,1,4882,瀧 川 千 依,50,79,6.75,1,0.20,1.53.7,4-3-6,17180,67,4-3,4260,18,3-4-6,4420,17,3-4,1810,7
20251122,,8,予選,晴,東,3,3,5,2,4253,西 川 真 人,33,16,6.83,2,0.18,1.56.0,4-3-6,17180,67,4-3,4260,18,3-4-6,4420,17,3-4,1810,7
20251122,,8,予選,晴,東,3,3,6,5,3752,宇 土 泰 就,12,22,6.76,5,0.13,1.57.4,4-3-6,17180,67,4-3,4260,18,3-4-6,4420,17,3-4,1810,7
20251122,,9,予選,晴,東,2,2,1,1,4485,楠 原 正 剛,82,26,6.77,1,0.09,1.48.2,1-6-3,1530,5,1-6,690,3,1-3-6,380,2,1-6,400,2
20251122,,9,予選,晴,東,2,2,2,6,4434,田 中 辰 彦,58,73,6.73,5,0.05,1.50.6,1-6-3,1530,5,1-6,690,3,1-3-6,380,2,1-6,400,2
20251122,,9,予選,晴,東,2,2,3,3,4105,松 下 直 也,79,35,6.75,3,0.09,1.51.2,1-6-3,1530,5,1-6,690,3,1-3-6,380,2,1-6,400,2
20251122,,9,予選,晴,東,2,2,4,2,4466,南 佑 典,81,61,6.78,2,0.10,1.52.9,1-6-3,1530,5,1-6,690,3,1-3-6,380,2,1-6,400,2
20251122,,9,予選,晴,東,2,2,5,4,5313,鈴 木 唯 央,18,80,6.71,4,0.09,1.54.7,1-6-3,1530,5,1-6,690,3,1-3-6,380,2,1-6,400,2
20251122,,9,予選,晴,東,2,2,6,5,5435,中 西 月 輝,36,70,6.78,6,0.11,1.55.8,1-6-3,1530,5,1-6,690,3,1-3-6,380,2,1-6,400,2
20251122,,10,特賞,晴,東,2,2,1,1,3963,原 田 秀 弥,60,15,6.75,1,0.12,1.49.8,1-3-4,680,1,1-3,440,2,1-3-4,250,1,1-3,220,1
20251122,,10,特賞,晴,東,2,2,2,3,4532,秋 元 哲,20,68,6.83,3,0.13,1.51.1,1-3-4,680,1,1-3,440,2,1-3-4,250,1,1-3,220,1
20251122,,10,特賞,晴,東,2,2,3,4,4292,麻 生 慎 介,80,38,6.81,4,0.16,1.51.6,1-3-4,680,1,1-3,440,2,1-3-4,250,1,1-3,220,1
20251122,,10,特賞,晴,東,2,2,4,2,4449,中 嶋 達 也,27,14,6.70,2,0.14,1.53.3,1-3-4,680,1,1-3,440,2,1-3-4,250,1,1-3,220,1
20251122,,10,特賞,晴,東,2,2,5,6,4885,大 山 千 広,35,30,6.67,6,0.16,1.54.0,1-3-4,680,1,1-3,440,2,1-3-4,250,1,1-3,220,1
20251122,,10,特賞,晴,東,2,2,6,5,4323,山 田 佑 樹,51,81,6.72,5,0.28,1.56.0,1-3-4,680,1,1-3,440,2,1-3-4,250,1,1-3,220,1
20251122,,11,特選,晴,東,1,1,1,2,4522,古 澤 光 紀,38,23,6.73,2,0.06,1.49.2,2-1-4,1890,8,2-1,550,4,1-2-4,310,1,1-2,220,1
20251122,,11,特選,晴,東,1,1,2,1,4207,松 下 一 也,32,69,6.70,1,0.09,1.50.5,2-1-4,1890,8,2-1,550,4,1-2-4,310,1,1-2,220,1
20251122,,11,特選,晴,東,1,1,3,4,4074,柳 沢 一,23,78,6.73,4,0.11,1.50.7,2-1-4,1890,8,2-1,550,4,1-2-4,310,1,1-2,220,1
20251122,,11,特選,晴,東,1,1,4,6,3659,藤 生 雄 人,54,50,6.79,6,0.29,1.52.7,2-1-4,1890,8,2-1,550,4,1-2-4,310,1,1-2,220,1
20251122,,11,特選,晴,東,1,1,5,5,4293,鈴 木 智 啓,56,18,6.83,5,0.16,1.53.9,2-1-4,1890,8,2-1,550,4,1-2-4,310,1,1-2,220,1
20251122,,11,特選,晴,東,1,1,6,3,4260,中 越 博 紀,55,74,6.81,3,0.18,1.57.9,2-1-4,1890,8,2-1,550,4,1-2-4,310,1,1-2,220,1
20251122,住之江,12,モンタ特選,晴,無風,0,1,1,1,4759,今 泉 友 吾,59,17,6.71,1,0.12,1.48.8,1-3-2,1230,4,1-3,610,3,1-2-3,560,2,1-3,300,2
20251122,住之江,12,モンタ特選,晴,無風,0,1,2,3,4216,星 栄 爾,15,13,6.81,3,0.18,1.49.7,1-3-2,1230,4,1-3,610,3,1-2-3,560,2,1-3,300,2
20251122,住之江,12,モンタ特選,晴,無風,0,1,3,2,3703,鳥 飼 眞,19,59,6.79,2,0.17,1.50.8,1-3-2,1230,4,1-3,610,3,1-2-3,560,2,1-3,300,2
20251122,住之江,12,モンタ特選,晴,無風,0,1,4,6,4144,石 塚 久 也,14,25,6.76,6,0.16,1.52.3,1-3-2,1230,4,1-3,610,3,1-2-3,560,2,1-3,300,2
20251122,住之江,12,モンタ特選,晴,無風,0,1,5,4,4063,市 橋 卓 士,29,63,6.77,4,0.20,1.52.8,1-3-2,1230,4,1-3,610,3,1-2-3,560,2,1-3,300,2
20251122,住之江,12,モンタ特選,晴,無風,0,1,6,5,4873,蒲 原 健 太,78,77,6.78,5,0.20,1.54.0,1-3-2,1230,4,1-3,610,3,1-2-3,560,2,1-3,300,2
20251122,住之江,1,予選,晴,無風,0,1,1,4,5368,宮 崎 心之介,33,73,6.73,4,0.15,1.49.2,4-2-1,22900,52,4-2,8300,20,1-2-4,1080,5,2-4,4130,11
20251122,住之江,1,予選,晴,無風,0,1,2,2,4982,中 村 将 隆,58,13,6.84,2,0.16,1.50.4,4-2-1,22900,52,4-2,8300,20,1-2-4,1080,5,2-4,4130,11
20251122,住之江,1,予選,晴,無風,0,1,3,1,4325,新 出 浩 司,14,79,6.79,1,0.14,1.51.5,4-2-1,22900,52,4-2,8300,20,1-2-4,1080,5,2-4,4130,11
20251122,住之江,1,予選,晴,無風,0,1,4,3,4711,前 出 達 吉,36,33,6.83,3,0.15,1.52.4,4-2-1,22900,52,4-2,8300,20,1-2-4,1080,5,2-4,4130,11
20251122,住之江,1,予選,晴,無風,0,1,5,5,4705,吉 川 勇 作,53,68,6.88,5,0.13,1.53.7,4-2-1,22900,52,4-2,8300,20,1-2-4,1080,5,2-4,4130,11
20251122,住之江,1,予選,晴,無風,0,1,6,6,3711,江 本 真 治,56,39,6.83,6,0.25,1.55.6,4-2-1,22900,52,4-2,8300,20,1-2-4,1080,5,2-4,4130,11
20251122,住之江,2,予選,晴,北,2,1,1,1,4808,松 尾 拓,17,92,6.87,1,0.15,1.49.8,1-4-5,2550,10,1-4,780,5,1-4-5,1040,5,1-4,520,3
20251122,住之江,2,予選,晴,北,2,1,2,4,4758,富 樫 麗 加,16,37,6.87,5,0.10,1.50.3,1-4-5,2550,10,1-4,780,5,1-4-5,1040,5,1-4,520,3
20251122,住之江,2,予選,晴,北,2,1,3,5,3731,高 濱 芳 久,28,38,6.81,4,0.19,1.52.2,1-4-5,2550,10,1-4,780,5,1-4-5,1040,5,1-4,520,3
20251122,住之江,2,予選,晴,北,2,1,4,3,4154,森 安 弘 雅,77,75,6.83,3,0.13,1.53.5,1-4-5,2550,10,1-4,780,5,1-4-5,1040,5,1-4,520,3
20251122,住之江,2,予選,晴,北,2,1,5,2,3370,坪 内 実,61,30,6.78,2,0.14,1.54.0,1-4-5,2550,10,1-4,780,5,1-4-5,1040,5,1-4,520,3
20251122,住之江,2,予選,晴,北,2,1,6,6,5370,日 隈 茜,67,58,6.76,6,0.08,2.03.3,1-4-5,2550,10,1-4,780,5,1-4-5,1040,5,1-4,520,3
20251122,住之江,3,予選,晴,無風,0,1,1,1,3800,牧 宏 次,31,60,6.81,1,0.17,1.49.3,1-3-6,810,2,1-3,220,1,1-3-6,410,2,1-3,200,1
20251122,住之江,3,予選,晴,無風,0,1,2,3,4883,岡 部 大 輝,51,20,6.86,3,0.22,1.50.5,1-3-6,810,2,1-3,220,1,1-3-6,410,2,1-3,200,1
20251122,住之江,3,予選,晴,無風,0,1,3,6,4877,鈴 谷 一 平,29,93,6.85,6,0.20,1.52.7,1-3-6,810,2,1-3,220,1,1-3-6,410,2,1-3,200,1
20251122,住之江,3,予選,晴,無風,0,1,4,2,4226,村 田 浩 司,66,66,6.81,2,0.25,1.53.5,1-3-6,810,2,1-3,220,1,1-3-6,410,2,1-3,200,1
20251122,住之江,3,予選,晴,無風,0,1,5,5,4706,三 浦 洋次朗,12,84,6.88,5,0.19,1.54.0,1-3-6,810,2,1-3,220,1,1-3-6,410,2,1-3,200,1
20251122,住之江,3,予選,晴,無風,0,1,6,4,4275,菅 野 はやか,24,16,6.81,4,0.17,1.57.2,1-3-6,810,2,1-3,220,1,1-3-6,410,2,1-3,200,1
20251122,住之江,4,予選,晴,無風,0,1,1,1,4150,山 田 雄 太,18,15,6.89,1,0.15,1.49.1,1-4-6,5420,21,1-4,1180,4,1-4-6,2680,10,1-4,1440,4
20251122,住之江,4,予選,晴,無風,0,1,2,4,4803,飯 田 庄 吾,25,70,6.80,4,0.16,1.49.9,1-4-6,5420,21,1-4,1180,4,1-4-6,2680,10,1-4,1440,4
20251122,住之江,4,予選,晴,無風,0,1,3,6,4388,是 澤 孝 宏,88,77,6.84,6,0.15,1.51.6,1-4-6,5420,21,1-4,1180,4,1-4-6,2680,10,1-4,1440,4
20251122,住之江,4,予選,晴,無風,0,1,4,2,5013,山 下 夏 鈴,11,74,6.73,2,0.17,1.52.5,1-4-6,5420,21,1-4,1180,4,1-4-6,2680,10,1-4,1440,4
20251122,住之江,4,予選,晴,無風,0,1,5,3,3849,中 岡 正 彦,65,78,6.86,3,0.13,1.54.6,1-4-6,5420,21,1-4,1180,4,1-4-6,2680,10,1-4,1440,4
20251122,住之江,4,予選,晴,無風,0,1,6,5,5328,井 上 慧 人,86,81,6.81,5,0.16,1.57.7,1-4-6,5420,21,1-4,1180,4,1-4-6,2680,10,1-4,1440,4
20251122,住之江,5,住之江ファイ,晴,無風,0,1,1,1,4596,葛 原 大 陽,70,62,6.84,1,0.16,1.48.8,1-3-4,520,1,1-3,200,1,1-3-4,330,2,1-3,150,1
20251122,住之江,5,住之江ファイ,晴,無風,0,1,2,3,4555,富 永 大 一,37,86,6.80,3,0.14,1.50.5,1-3-4,520,1,1-3,200,1,1-3-4,330,2,1-3,150,1
20251122,住之江,5,住之江ファイ,晴,無風,0,1,3,4,4982,中 村 将 隆,58,13,6.89,4,0.13,1.52.1,1-3-4,520,1,1-3,200,1,1-3-4,330,2,1-3,150,1
20251122,住之江,5,住之江ファイ,晴,無風,0,1,4,6,4043,桐 本 康 臣,26,90,6.88,5,0.10,1.53.2,1-3-4,520,1,1-3,200,1,1-3-4,330,2,1-3,150,1
20251122,住之江,5,住之江ファイ,晴,無風,0,1,5,2,4548,篠 木 亜衣花,60,82,6.82,2,0.21,1.53.2,1-3-4,520,1,1-3,200,1,1-3-4,330,2,1-3,150,1
20251122,住之江,5,住之江ファイ,晴,無風,0,1,6,5,4726,島 田 なぎさ,84,24,6.85,6,0.13,1.57.6,1-3-4,520,1,1-3,200,1,1-3-4,330,2,1-3,150,1
20251122,住之江,6,予選特別Ｂ戦,晴,無風,0,1,1,1,3621,天 野 晶 夫,78,28,6.88,1,0.14,1.49.3,1-3-2,650,1,1-3,210,1,1-2-3,260,1,1-3,150,1
20251122,住之江,6,予選特別Ｂ戦,晴,無風,0,1,2,3,4302,西 野 翔 太,32,51,6.81,3,0.19,1.50.4,1-3-2,650,1,1-3,210,1,1-2-3,260,1,1-3,150,1
20251122,住之江,6,予選特別Ｂ戦,晴,無風,0,1,3,2,5199,垂 水 悠,74,18,6.86,2,0.12,1.52.5,1-3-2,650,1,1-3,210,1,1-2-3,260,1,1-3,150,1
20251122,住之江,6,予選特別Ｂ戦,晴,無風,0,1,4,5,5368,宮 崎 心之介,33,73,6.78,6,0.25,1.53.1,1-3-2,650,1,1-3,210,1,1-2-3,260,1,1-3,150,1
20251122,住之江,6,予選特別Ｂ戦,晴,無風,0,1,5,4,3642,大 塚 浩 二,22,57,6.86,4,0.18,1.53.9,1-3-2,650,1,1-3,210,1,1-2-3,260,1,1-3,150,1
20251122,住之江,6,予選特別Ｂ戦,晴,無風,0,1,6,6,3968,茶 谷 信 次,59,53,6.87,5,0.28,1.56.3,1-3-2,650,1,1-3,210,1,1-2-3,260,1,1-3,150,1
20251122,住之江,7,予選,晴,無風,0,1,1,5,4384,鶴 本 崇 文,27,88,6.89,4,0.17,1.49.6,5-6-1,2650,9,5-6,1500,6,1-5-6,300,1,5-6,1110,5
20251122,住之江,7,予選,晴,無風,0,1,2,6,4533,峰 重 侑 治,34,14,6.83,5,0.18,1.51.6,5-6-1,2650,9,5-6,1500,6,1-5-6,300,1,5-6,1110,5
20251122,住之江,7,予選,晴,無風,0,1,3,1,4575,戸 塚 邦 好,62,19,6.80,1,0.23,1.52.5,5-6-1,2650,9,5-6,1500,6,1-5-6,300,1,5-6,1110,5
20251122,住之江,7,予選,晴,無風,0,1,4,3,3993,永 井 聖 美,69,52,6.82,2,0.36,1.53.7,5-6-1,2650,9,5-6,1500,6,1-5-6,300,1,5-6,1110,5
20251122,住之江,7,予選,晴,無風,0,1,5,4,4226,村 田 浩 司,66,66,6.85,3,0.17,1.56.3,5-6-1,2650,9,5-6,1500,6,1-5-6,300,1,5-6,1110,5
20251122,住之江,7,予選,晴,無風,0,1,6,2,4705,吉 川 勇 作,53,68,6.89,6,0.20,1.58.0,5-6-1,2650,9,5-6,1500,6,1-5-6,300,1,5-6,1110,5
20251122,住之江,8,トワイライト,晴,無風,0,1,1,4,4877,鈴 谷 一 平,29,93,6.82,4,0.02,1.49.4,4-1-3,3440,11,4-1,950,4,1-3-4,220,1,1-4,160,1
20251122,住之江,8,トワイライト,晴,無風,0,1,2,1,3822,平 尾 崇 典,50,54,6.73,1,0.17,1.51.1,4-1-3,3440,11,4-1,950,4,1-3-4,220,1,1-4,160,1
20251122,住之江,8,トワイライト,晴,無風,0,1,3,3,4520,高 倉 孝 太,52,72,6.82,3,0.07,1.52.9,4-1-3,3440,11,4-1,950,4,1-3-4,220,1,1-4,160,1
20251122,住之江,8,トワイライト,晴,無風,0,1,4,6,4289,落 合 直 子,21,87,6.88,6,0.05,1.54.2,4-1-3,3440,11,4-1,950,4,1-3-4,220,1,1-4,160,1
20251122,住之江,8,トワイライト,晴,無風,0,1,5,5,3370,坪 内 実,61,30,6.79,5,0.05,1.54.7,4-1-3,3440,11,4-1,950,4,1-3-4,220,1,1-4,160,1
20251122,住之江,8,トワイライト,晴,無風,0,1,6,2,5328,井 上 慧 人,86,81,6.79,2,0.17,1.55.4,4-1-3,3440,11,4-1,950,4,1-3-4,220,1,1-4,160,1
20251122,住之江,9,予選,晴,無風,0,1,1,2,4803,飯 田 庄 吾,25,70,6.78,2,0.15,1.48.8,2-5-6,20430,47,2-5,7200,17,2-5-6,5550,17,2-5,4430,14
20251122,住之江,9,予選,晴,無風,0,1,2,5,4711,前 出 達 吉,36,33,6.81,5,0.14,1.50.7,2-5-6,20430,47,2-5,7200,17,2-5-6,5550,17,2-5,4430,14
20251122,住之江,9,予選,晴,無風,0,1,3,6,4460,後 藤 翔 之,90,17,6.84,6,0.10,1.52.9,2-5-6,20430,47,2-5,7200,17,2-5-6,5550,17,2-5,4430,14
20251122,住之江,9,予選,晴,無風,0,1,4,4,3455,谷 本 幸 司,13,61,6.92,4,0.16,1.55.4,2-5-6,20430,47,2-5,7200,17,2-5-6,5550,17,2-5,4430,14
20251122,住之江,9,予選,晴,無風,0,1,5,1,4715,村 上 遼,39,31,6.81,1,0.19,2.03.3,2-5-6,20430,47,2-5,7200,17,2-5-6,5550,17,2-5,4430,14
20251122,住之江,10,予選特別Ｂ戦,晴,南東,1,1,1,1,5191,飛 田 江 己,38,55,6.78,1,0.17,1.48.3,1-6-4,2030,10,1-6,610,4,1-4-6,840,4,1-6,520,4
20251122,住之江,10,予選特別Ｂ戦,晴,南東,1,1,2,6,4939,宮之原 輝 紀,54,95,6.81,6,0.18,1.49.8,1-6-4,2030,10,1-6,610,4,1-4-6,840,4,1-6,520,4
20251122,住之江,10,予選特別Ｂ戦,晴,南東,1,1,3,4,4596,葛 原 大 陽,70,62,6.87,4,0.13,1.51.4,1-6-4,2030,10,1-6,610,4,1-4-6,840,4,1-6,520,4
20251122,住之江,10,予選特別Ｂ戦,晴,南東,1,1,4,2,4883,岡 部 大 輝,51,20,6.78,2,0.20,1.52.4,1-6-4,2030,10,1-6,610,4,1-4-6,840,4,1-6,520,4
20251122,住之江,10,予選特別Ｂ戦,晴,南東,1,1,5,3,3711,江 本 真 治,56,39,6.85,3,0.14,1.53.6,1-6-4,2030,10,1-6,610,4,1-4-6,840,4,1-6,520,4
20251122,住之江,10,予選特別Ｂ戦,晴,南東,1,1,6,5,5199,垂 水 悠,74,18,6.86,5,0.13,1.55.6,1-6-4,2030,10,1-6,610,4,1-4-6,840,4,1-6,520,4
20251122,住之江,11,予選特別Ａ戦,晴,無風,0,1,1,1,3849,中 岡 正 彦,65,78,6.80,1,0.18,1.49.3,1-2-3,1410,5,1-2,630,3,1-2-3,570,2,1-2,470,4
20251122,住之江,11,予選特別Ａ戦,晴,無風,0,1,2,2,4706,三 浦 洋次朗,12,84,6.89,2,0.16,1.50.8,1-2-3,1410,5,1-2,630,3,1-2-3,570,2,1-2,470,4
20251122,住之江,11,予選特別Ａ戦,晴,無風,0,1,3,3,4043,桐 本 康 臣,26,90,6.88,3,0.16,1.51.7,1-2-3,1410,5,1-2,630,3,1-2-3,570,2,1-2,470,4
20251122,住之江,11,予選特別Ａ戦,晴,無風,0,1,4,6,4302,西 野 翔 太,32,51,6.80,5,0.18,1.52.9,1-2-3,1410,5,1-2,630,3,1-2-3,570,2,1-2,470,4
20251122,住之江,11,予選特別Ａ戦,晴,無風,0,1,5,4,4533,峰 重 侑 治,34,14,6.83,6,0.14,1.54.7,1-2-3,1410,5,1-2,630,3,1-2-3,570,2,1-2,470,4
20251122,住之江,11,予選特別Ａ戦,晴,無風,0,1,6,5,4154,森 安 弘 雅,77,75,6.81,4,0.15,1.57.2,1-2-3,1410,5,1-2,630,3,1-2-3,570,2,1-2,470,4
20251122,住之江,12,一般特別戦,晴,無風,0,1,1,1,4289,落 合 直 子,21,87,6.79,1,0.09,1.49.0,1-3-2,600,1,1-3,190,1,1-2-3,350,1,1-3,150,1
20251122,住之江,12,一般特別戦,晴,無風,0,1,2,3,4758,富 樫 麗 加,16,37,6.83,3,0.13,1.50.5,1-3-2,600,1,1-3,190,1,1-2-3,350,1,1-3,150,1
20251122,住之江,12,一般特別戦,晴,無風,0,1,3,2,4726,島 田 なぎさ,84,24,6.80,2,0.15,1.51.8,1-3-2,600,1,1-3,190,1,1-2-3,350,1,1-3,150,1
20251122,住之江,12,一般特別戦,晴,無風,0,1,4,6,5013,山 下 夏 鈴,11,74,6.73,6,0.26,1.53.4,1-3-2,600,1,1-3,190,1,1-2-3,350,1,1-3,150,1
20251122,住之江,12,一般特別戦,晴,無風,0,1,5,4,3993,永 井 聖 美,69,52,6.85,4,0.29,1.55.8,1-3-2,600,1,1-3,190,1,1-2-3,350,1,1-3,150,1
20251122,住之江,12,一般特別戦,晴,無風,0,1,6,5,4275,菅 野 はやか,24,16,6.81,5,0.23,1.57.8,1-3-2,600,1,1-3,190,1,1-2-3,350,1,1-3,150,1
20251122,住之江,1,みくにあさイ,晴,東,1,1,1,1,4736,高 倉 和 士,61,20,6.71,1,0.12,1.48.9,1-2-4,360,1,1-2,210,1,1-2-4,270,2,1-2,110,1
20251122,住之江,1,みくにあさイ,晴,東,1,1,2,2,4876,梅 木 敬 太,13,69,6.74,2,0.13,1.50.7,1-2-4,360,1,1-2,210,1,1-2-4,270,2,1-2,110,1
20251122,住之江,1,みくにあさイ,晴,東,1,1,3,4,3906,飯 山 晃 三,12,33,6.74,4,0.20,1.52.5,1-2-4,360,1,1-2,210,1,1-2-4,270,2,1-2,110,1
20251122,住之江,1,みくにあさイ,晴,東,1,1,4,3,3377,塚 田 修 二,48,66,6.79,3,0.22,1.53.7,1-2-4,360,1,1-2,210,1,1-2-4,270,2,1-2,110,1
20251122,住之江,1,みくにあさイ,晴,東,1,1,5,6,5355,萩 原 丈太朗,27,70,6.74,6,0.12,,1-2-4,360,1,1-2,210,1,1-2-4,270,2,1-2,110,1
20251122,住之江,1,みくにあさイ,晴,東,1,1,6,5,3808,秋 田 健太郎,50,58,6.85,5,0.17,,1-2-4,360,1,1-2,210,1,1-2-4,270,2,1-2,110,1
20251122,住之江,2,みくにあさガ,晴,東,4,4,1,1,3940,飯 山 泰,55,32,6.63,1,0.07,1.49.5,1-2-4,450,2,1-2,160,1,1-2-4,300,2,1-2,190,1
20251122,住之江,2,みくにあさガ,晴,東,4,4,2,2,4119,泥 谷 一 毅,69,27,6.69,2,0.09,1.51.5,1-2-4,450,2,1-2,160,1,1-2-4,300,2,1-2,190,1
20251122,住之江,2,みくにあさガ,晴,東,4,4,3,4,3947,寺 本 昇 平,54,13,6.80,4,0.16,1.53.1,1-2-4,450,2,1-2,160,1,1-2-4,300,2,1-2,190,1
20251122,住之江,2,みくにあさガ,晴,東,4,4,4,5,4866,橋 本 英 一,11,61,6.80,5,0.12,1.54.8,1-2-4,450,2,1-2,160,1,1-2-4,300,2,1-2,190,1
20251122,住之江,2,みくにあさガ,晴,東,4,4,5,6,5400,高 村 諒,37,54,6.79,6,0.15,,1-2-4,450,2,1-2,160,1,1-2-4,300,2,1-2,190,1
20251122,住之江,2,みくにあさガ,晴,東,4,4,6,3,5185,加 藤 優 弥,60,21,6.75,3,0.06,,1-2-4,450,2,1-2,160,1,1-2-4,300,2,1-2,190,1
20251122,住之江,3,みくにあさズ,晴,東,3,3,1,1,4377,濱 本 優 一,31,38,6.77,1,0.06,1.48.8,1-4-3,2520,8,1-4,740,3,1-3-4,440,2,1-4,880,3
20251122,住之江,3,みくにあさズ,晴,東,3,3,2,4,3211,北 川 敏 弘,63,26,6.78,4,0.11,1.51.2,1-4-3,2520,8,1-4,740,3,1-3-4,440,2,1-4,880,3
20251122,住之江,3,みくにあさズ,晴,東,3,3,3,3,4551,三 川 昂 暁,17,19,6.78,3,0.11,1.51.7,1-4-3,2520,8,1-4,740,3,1-3-4,440,2,1-4,880,3
20251122,住之江,3,みくにあさズ,晴,東,3,3,4,2,5086,本 村 大,32,35,6.72,2,0.17,1.52.9,1-4-3,2520,8,1-4,740,3,1-3-4,440,2,1-4,880,3
20251122,住之江,3,みくにあさズ,晴,東,3,3,5,6,4077,品 田 直 樹,23,28,6.77,6,0.24,,1-4-3,2520,8,1-4,740,3,1-3-4,440,2,1-4,880,3
20251122,住之江,3,みくにあさズ,晴,東,3,3,6,5,3535,渡 修 平,28,15,6.77,5,0.21,,1-4-3,2520,8,1-4,740,3,1-3-4,440,2,1-4,880,3
20251122,住之江,4,みくにあさ推,晴,東,2,2,1,1,3251,平 石 和 男,53,46,6.73,1,0.16,1.49.4,1-3-5,2930,12,1-3,720,5,1-3-5,980,6,1-3,510,3
20251122,住之江,4,みくにあさ推,晴,東,2,2,2,3,4085,荻 野 裕 介,62,47,6.72,3,0.17,1.50.9,1-3-5,2930,12,1-3,720,5,1-3-5,980,6,1-3,510,3
20251122,住之江,4,みくにあさ推,晴,東,2,2,3,5,4930,佐 藤 悠,36,52,6.65,5,0.13,1.52.5,1-3-5,2930,12,1-3,720,5,1-3-5,980,6,1-3,510,3
20251122,住之江,4,みくにあさ推,晴,東,2,2,4,2,3293,宮 内 由紀英,40,14,6.67,2,0.12,1.53.3,1-3-5,2930,12,1-3,720,5,1-3-5,980,6,1-3,510,3
20251122,住之江,4,みくにあさ推,晴,東,2,2,5,4,4432,黄金井 力 良,70,17,6.74,4,0.18,,1-3-5,2930,12,1-3,720,5,1-3-5,980,6,1-3,510,3
20251122,住之江,4,みくにあさ推,晴,東,2,2,6,6,3284,渡 邊 伸太郎,19,42,6.80,6,0.21,,1-3-5,2930,12,1-3,720,5,1-3-5,980,6,1-3,510,3
20251122,住之江,5,予選,晴,東,3,3,1,6,3159,江 口 晃 生,44,62,6.72,2,0.16,1.48.9,6-2-5,5050,19,6-2,740,3,2-5-6,2040,6,2-6,490,2
20251122,住之江,5,予選,晴,東,3,3,2,2,5104,山 田 丈,58,57,6.72,3,0.15,1.50.0,6-2-5,5050,19,6-2,740,3,2-5-6,2040,6,2-6,490,2
20251122,住之江,5,予選,晴,東,3,3,3,5,3075,中 村 裕 将,25,49,6.82,4,0.14,1.52.8,6-2-5,5050,19,6-2,740,3,2-5-6,2040,6,2-6,490,2
20251122,住之江,5,予選,晴,東,3,3,4,3,4531,武 富 智 亮,41,51,6.79,5,0.14,1.54.2,6-2-5,5050,19,6-2,740,3,2-5-6,2040,6,2-6,490,2
20251122,住之江,5,予選,晴,東,3,3,5,1,3828,明 石 正 之,68,34,6.78,1,0.08,,6-2-5,5050,19,6-2,740,3,2-5-6,2040,6,2-6,490,2
20251122,住之江,5,予選,晴,東,3,3,6,4,4128,川 口 貴 久,29,25,6.90,6,0.15,,6-2-5,5050,19,6-2,740,3,2-5-6,2040,6,2-6,490,2
20251122,住之江,6,予選,晴,東,1,1,1,5,3473,石 川 真 二,15,72,6.77,2,0.16,1.49.8,5-2-3,1000,1,5-2,710,4,2-3-5,210,1,2-5,380,2
20251122,住之江,6,予選,晴,東,1,1,2,2,3484,芝 田 浩 治,39,55,6.68,3,0.19,1.50.7,5-2-3,1000,1,5-2,710,4,2-3-5,210,1,2-5,380,2
20251122,住之江,6,予選,晴,東,1,1,3,3,3548,室 田 泰 史,45,22,6.72,4,0.11,1.52.8,5-2-3,1000,1,5-2,710,4,2-3-5,210,1,2-5,380,2
20251122,住之江,6,予選,晴,東,1,1,4,6,3896,上 田 洋 平,14,63,6.72,5,0.15,1.54.0,5-2-3,1000,1,5-2,710,4,2-3-5,210,1,2-5,380,2
20251122,住之江,6,予選,晴,東,1,1,5,1,3377,塚 田 修 二,48,66,6.70,1,0.36,,5-2-3,1000,1,5-2,710,4,2-3-5,210,1,2-5,380,2
20251122,住之江,6,予選,晴,東,1,1,6,4,5400,高 村 諒,37,54,6.76,6,0.13,,5-2-3,1000,1,5-2,710,4,2-3-5,210,1,2-5,380,2
20251122,住之江,7,予選,晴,北東,1,1,1,1,5185,加 藤 優 弥,60,21,6.84,1,0.07,1.49.3,1-6-4,2810,9,1-6,1220,6,1-4-6,310,1,1-6,990,3
20251122,住之江,7,予選,晴,北東,1,1,2,6,4136,江 夏 満,20,59,6.81,6,0.12,1.50.4,1-6-4,2810,9,1-6,1220,6,1-4-6,310,1,1-6,990,3
20251122,住之江,7,予選,晴,北東,1,1,3,4,4652,酒 見 峻 介,38,44,6.80,2,0.08,1.52.1,1-6-4,2810,9,1-6,1220,6,1-4-6,310,1,1-6,990,3
20251122,住之江,7,予選,晴,北東,1,1,4,3,4077,品 田 直 樹,23,28,6.78,4,0.15,1.53.3,1-6-4,2810,9,1-6,1220,6,1-4-6,310,1,1-6,990,3
20251122,住之江,7,予選,晴,北東,1,1,5,2,4329,小 松 卓 司,42,40,6.82,3,0.12,,1-6-4,2810,9,1-6,1220,6,1-4-6,310,1,1-6,990,3
20251122,住之江,7,予選,晴,北東,1,1,6,5,3906,飯 山 晃 三,12,33,6.83,5,0.13,,1-6-4,2810,9,1-6,1220,6,1-4-6,310,1,1-6,990,3
20251122,住之江,8,予選,晴,東,1,1,1,1,3432,宮 迫 暢 彦,46,64,6.76,1,0.08,1.49.1,1-2-3,11160,44,1-2,4160,18,1-2-3,2760,10,1-2,2280,10
20251122,住之江,8,予選,晴,東,1,1,2,2,3211,北 川 敏 弘,63,26,6.80,2,0.10,1.50.3,1-2-3,11160,44,1-2,4160,18,1-2-3,2760,10,1-2,2280,10
20251122,住之江,8,予選,晴,東,1,1,3,3,3251,平 石 和 男,53,46,6.73,3,0.11,1.50.4,1-2-3,11160,44,1-2,4160,18,1-2-3,2760,10,1-2,2280,10
20251122,住之江,8,予選,晴,東,1,1,4,5,4736,高 倉 和 士,61,20,6.73,5,0.11,1.51.3,1-2-3,11160,44,1-2,4160,18,1-2-3,2760,10,1-2,2280,10
20251122,住之江,8,予選,晴,東,1,1,5,6,4760,山 崎 郡,35,36,6.75,6,0.12,,1-2-3,11160,44,1-2,4160,18,1-2-3,2760,10,1-2,2280,10
20251122,住之江,8,予選,晴,東,1,1,6,4,4692,酒 井 俊 弘,64,65,6.71,4,0.11,,1-2-3,11160,44,1-2,4160,18,1-2-3,2760,10,1-2,2280,10
20251122,住之江,9,予選特賞,晴,東,2,2,1,3,4432,黄金井 力 良,70,17,6.76,3,0.08,1.48.9,3-5-2,11570,41,3-5,1010,4,2-3-5,3390,12,3-5,490,2
20251122,住之江,9,予選特賞,晴,東,2,2,2,5,3940,飯 山 泰,55,32,6.64,5,0.09,1.50.3,3-5-2,11570,41,3-5,1010,4,2-3-5,3390,12,3-5,490,2
20251122,住之江,9,予選特賞,晴,東,2,2,3,2,3808,秋 田 健太郎,50,58,6.88,2,0.15,1.52.2,3-5-2,11570,41,3-5,1010,4,2-3-5,3390,12,3-5,490,2
20251122,住之江,9,予選特賞,晴,東,2,2,4,4,3505,山 田 竜 一,16,39,6.76,4,0.06,1.52.3,3-5-2,11570,41,3-5,1010,4,2-3-5,3390,12,3-5,490,2
20251122,住之江,9,予選特賞,晴,東,2,2,5,6,3564,桑 原 啓,22,45,6.75,6,0.16,,3-5-2,11570,41,3-5,1010,4,2-3-5,3390,12,3-5,490,2
20251122,住之江,9,予選特賞,晴,東,2,2,6,1,3535,渡 修 平,28,15,6.73,1,0.19,,3-5-2,11570,41,3-5,1010,4,2-3-5,3390,12,3-5,490,2
20251122,住之江,10,予選特賞,曇り,東,1,1,1,2,3159,江 口 晃 生,44,62,6.73,1,0.19,1.49.7,2-1-4,1040,3,2-1,420,1,1-2-4,410,2,1-2,340,1
20251122,住之江,10,予選特賞,曇り,東,1,1,2,1,3293,宮 内 由紀英,40,14,6.80,2,0.21,1.50.7,2-1-4,1040,3,2-1,420,1,1-2-4,410,2,1-2,340,1
20251122,住之江,10,予選特賞,曇り,東,1,1,3,4,4375,照 屋 厚 仁,65,30,6.82,3,0.19,1.51.8,2-1-4,1040,3,2-1,420,1,1-2-4,410,2,1-2,340,1
20251122,住之江,10,予選特賞,曇り,東,1,1,4,6,5086,本 村 大,32,35,6.85,5,0.24,1.53.0,2-1-4,1040,3,2-1,420,1,1-2-4,410,2,1-2,340,1
20251122,住之江,10,予選特賞,曇り,東,1,1,5,5,4119,泥 谷 一 毅,69,27,6.72,4,0.24,,2-1-4,1040,3,2-1,420,1,1-2-4,410,2,1-2,340,1
20251122,住之江,10,予選特賞,曇り,東,1,1,6,3,5355,萩 原 丈太朗,27,70,6.82,6,0.23,,2-1-4,1040,3,2-1,420,1,1-2-4,410,2,1-2,340,1
20251122,住之江,11,記者特選,曇り,東,1,1,1,3,4377,濱 本 優 一,31,38,6.80,3,0.11,1.47.9,3-1-5,3390,12,3-1,1070,4,1-3-5,300,1,1-3,230,1
20251122,住之江,11,記者特選,曇り,東,1,1,2,1,4930,佐 藤 悠,36,52,6.75,1,0.09,1.48.8,3-1-5,3390,12,3-1,1070,4,1-3-5,300,1,1-3,230,1
20251122,住之江,11,記者特選,曇り,東,1,1,3,5,5104,山 田 丈,58,57,6.75,5,0.09,1.52.0,3-1-5,3390,12,3-1,1070,4,1-3-5,300,1,1-3,230,1
20251122,住之江,11,記者特選,曇り,東,1,1,4,6,3484,芝 田 浩 治,39,55,6.77,6,0.13,1.52.6,3-1-5,3390,12,3-1,1070,4,1-3-5,300,1,1-3,230,1
20251122,住之江,11,記者特選,曇り,東,1,1,5,4,4866,橋 本 英 一,11,61,6.86,4,0.13,,3-1-5,3390,12,3-1,1070,4,1-3-5,300,1,1-3,230,1
20251122,住之江,11,記者特選,曇り,東,1,1,6,2,4315,山 崎 昂 介,52,50,6.70,2,0.14,,3-1-5,3390,12,3-1,1070,4,1-3-5,300,1,1-3,230,1
20251122,住之江,12,カニ坊選抜,曇り,東,1,1,1,2,4085,荻 野 裕 介,62,47,6.79,3,0.09,1.48.4,2-3-4,46830,75,2-3,16290,23,2-3-4,5770,13,2-3,4580,9
20251122,住之江,12,カニ坊選抜,曇り,東,1,1,2,3,4652,酒 見 峻 介,38,44,6.76,2,0.10,1.49.9,2-3-4,46830,75,2-3,16290,23,2-3-4,5770,13,2-3,4580,9
20251122,住之江,12,カニ坊選抜,曇り,東,1,1,3,4,4531,武 富 智 亮,41,51,6.79,4,0.17,1.51.4,2-3-4,46830,75,2-3,16290,23,2-3-4,5770,13,2-3,4580,9
20251122,住之江,12,カニ坊選抜,曇り,東,1,1,4,5,3947,寺 本 昇 平,54,13,6.84,5,0.18,1.52.1,2-3-4,46830,75,2-3,16290,23,2-3-4,5770,13,2-3,4580,9
20251122,住之江,12,カニ坊選抜,曇り,東,1,1,5,1,3473,石 川 真 二,15,72,6.76,1,0.14,,2-3-4,46830,75,2-3,16290,23,2-3-4,5770,13,2-3,4580,9
20251122,住之江,12,カニ坊選抜,曇り,東,1,1,6,6,4551,三 川 昂 暁,17,19,6.65,6,0.24,,2-3-4,46830,75,2-3,16290,23,2-3-4,5770,13,2-3,4580,9
20251122,住之江,1,ツッキーレー,晴,西,2,1,1,1,5096,上 原 崚,36,35,6.80,1,0.13,1.49.5,1-2-3,600,1,1-2,280,2,1-2-3,270,1,1-2,150,1
20251122,住之江,1,ツッキーレー,晴,西,2,1,2,2,5301,岩 下 巧 斗,24,53,6.77,2,0.18,1.50.8,1-2-3,600,1,1-2,280,2,1-2-3,270,1,1-2,150,1
20251122,住之江,1,ツッキーレー,晴,西,2,1,3,3,5266,石 田 勇 斗,58,65,6.76,3,0.15,1.51.5,1-2-3,600,1,1-2,280,2,1-2-3,270,1,1-2,150,1
20251122,住之江,1,ツッキーレー,晴,西,2,1,4,4,5235,岩 田 凌,38,21,6.75,4,0.20,1.53.0,1-2-3,600,1,1-2,280,2,1-2-3,270,1,1-2,150,1
20251122,住之江,1,ツッキーレー,晴,西,2,1,5,5,5109,川 崎 智 稔,48,51,6.69,5,0.23,,1-2-3,600,1,1-2,280,2,1-2-3,270,1,1-2,150,1
20251122,住之江,1,ツッキーレー,晴,西,2,1,6,6,5383,中 村 楓,31,76,6.75,6,0.29,,1-2-3,600,1,1-2,280,2,1-2-3,270,1,1-2,150,1
20251122,住之江,2,一般,晴,西,2,1,1,1,5130,上 野 拓 馬,50,20,6.66,1,0.18,1.47.6,1-3-2,840,2,1-3,410,2,1-2-3,310,1,1-3,450,3
20251122,住之江,2,一般,晴,西,2,1,2,3,5122,相 馬 翔,61,60,6.69,3,0.15,1.49.8,1-3-2,840,2,1-3,410,2,1-2-3,310,1,1-3,450,3
20251122,住之江,2,一般,晴,西,2,1,3,2,5325,澁 川 夏,56,50,6.64,2,0.19,1.51.2,1-3-2,840,2,1-3,410,2,1-2-3,310,1,1-3,450,3
20251122,住之江,2,一般,晴,西,2,1,4,4,5294,豊 田 祥 生,37,69,6.71,4,0.12,1.52.7,1-3-2,840,2,1-3,410,2,1-2-3,310,1,1-3,450,3
20251122,住之江,2,一般,晴,西,2,1,5,6,5236,小 宮 涼 雅,35,63,6.81,6,0.16,,1-3-2,840,2,1-3,410,2,1-2-3,310,1,1-3,450,3
20251122,住之江,2,一般,晴,西,2,1,6,5,5127,沼 田 大 都,52,68,6.78,5,0.16,,1-3-2,840,2,1-3,410,2,1-2-3,310,1,1-3,450,3
20251122,住之江,3,一般,晴,北西,1,1,1,1,5183,中 野 孝 二,27,75,6.73,1,0.01,1.48.6,1-5-2,3050,14,1-5,770,3,1-2-5,720,5,1-5,520,3
20251122,住之江,3,一般,晴,北西,1,1,2,5,5252,荒 木 颯 斗,69,29,6.60,5,0.04,1.49.7,1-5-2,3050,14,1-5,770,3,1-2-5,720,5,1-5,520,3
20251122,住之江,3,一般,晴,北西,1,1,3,2,5293,眞 崎 武 蔵,73,14,6.70,2,0.13,1.51.4,1-5-2,3050,14,1-5,770,3,1-2-5,720,5,1-5,520,3
20251122,住之江,3,一般,晴,北西,1,1,4,3,5135,仲 航 太,15,74,6.73,3,0.03,1.51.5,1-5-2,3050,14,1-5,770,3,1-2-5,720,5,1-5,520,3
20251122,住之江,3,一般,晴,北西,1,1,5,6,5158,宮 脇 遼 太,30,17,6.61,6,0.08,,1-5-2,3050,14,1-5,770,3,1-2-5,720,5,1-5,520,3
20251122,住之江,4,一般,晴,東,3,2,1,1,5139,大 場 恒 季,13,41,6.72,1,0.05,1.47.8,1-3-2,880,2,1-3,310,1,1-2-3,480,3,1-3,150,1
20251122,住之江,4,一般,晴,東,3,2,2,3,5256,中 山 翔 太,46,54,6.65,3,0.07,1.48.1,1-3-2,880,2,1-3,310,1,1-2-3,480,3,1-3,150,1
20251122,住之江,4,一般,晴,東,3,2,3,2,5172,田 村 慶,41,71,6.68,2,0.12,1.50.5,1-3-2,880,2,1-3,310,1,1-2-3,480,3,1-3,150,1
20251122,住之江,4,一般,晴,東,3,2,4,4,5114,小 林 孝 彰,19,70,6.67,4,0.15,1.50.5,1-3-2,880,2,1-3,310,1,1-2-3,480,3,1-3,150,1
20251122,住之江,4,一般,晴,東,3,2,5,5,5070,中 島 航,39,28,6.68,5,0.23,,1-3-2,880,2,1-3,310,1,1-2-3,480,3,1-3,150,1
20251122,住之江,4,一般,晴,東,3,2,6,6,5034,若 林 義 人,71,34,6.65,6,0.20,,1-3-2,880,2,1-3,310,1,1-2-3,480,3,1-3,150,1
20251122,住之江,5,５ールドレー,晴,無風,0,0,1,1,5125,高 井 雄 基,45,16,6.81,1,0.09,1.48.5,1-3-4,2780,10,1-3,350,2,1-3-4,3880,7,1-3,240,1
20251122,住之江,5,５ールドレー,晴,無風,0,0,2,3,5154,村 松 栄 太,60,38,6.69,3,0.12,1.50.0,1-3-4,2780,10,1-3,350,2,1-3-4,3880,7,1-3,240,1
20251122,住之江,5,５ールドレー,晴,無風,0,0,3,4,5169,堀 本 翔 太,28,52,6.82,4,0.15,1.51.5,1-3-4,2780,10,1-3,350,2,1-3-4,3880,7,1-3,240,1
20251122,住之江,5,５ールドレー,晴,無風,0,0,4,2,5090,生 方 靖 亜,21,59,6.79,2,0.11,1.52.6,1-3-4,2780,10,1-3,350,2,1-3-4,3880,7,1-3,240,1
20251122,住之江,5,５ールドレー,晴,無風,0,0,5,6,5319,近 藤 颯 斗,25,11,6.72,6,0.16,,1-3-4,2780,10,1-3,350,2,1-3-4,3880,7,1-3,240,1
20251122,住之江,5,５ールドレー,晴,無風,0,0,6,5,5337,出 畑 孝 成,51,49,6.73,5,0.15,,1-3-4,2780,10,1-3,350,2,1-3-4,3880,7,1-3,240,1
20251122,住之江,6,一般,晴,西,3,2,1,1,5279,石 渡 翔一郎,55,72,6.67,1,0.08,1.49.1,1-2-4,1210,2,1-2,510,2,1-2-4,480,2,1-2,490,2
20251122,住之江,6,一般,晴,西,3,2,2,2,5127,沼 田 大 都,52,68,6.74,2,0.13,1.49.7,1-2-4,1210,2,1-2,510,2,1-2-4,480,2,1-2,490,2
20251122,住之江,6,一般,晴,西,3,2,3,4,5102,原 田 雄 次,72,73,6.64,4,0.18,1.52.4,1-2-4,1210,2,1-2,510,2,1-2-4,480,2,1-2,490,2
20251122,住之江,6,一般,晴,西,3,2,4,6,5267,石 本 裕 武,76,43,6.67,6,0.23,1.52.6,1-2-4,1210,2,1-2,510,2,1-2-4,480,2,1-2,490,2
20251122,住之江,6,一般,晴,西,3,2,5,3,5344,谷 口 丞,32,27,6.72,3,0.11,,1-2-4,1210,2,1-2,510,2,1-2-4,480,2,1-2,490,2
20251122,住之江,6,一般,晴,西,3,2,6,5,5091,為 本 智 也,17,19,6.78,5,0.10,,1-2-4,1210,2,1-2,510,2,1-2-4,480,2,1-2,490,2
20251122,住之江,7,一般,晴,西,4,2,1,1,5135,仲 航 太,15,74,6.69,1,0.06,1.48.8,1-2-3,4000,15,1-2,1070,4,1-2-3,1240,5,1-2,850,4
20251122,住之江,7,一般,晴,西,4,2,2,2,5133,堀 越 雄 貴,74,67,6.72,2,0.16,1.50.4,1-2-3,4000,15,1-2,1070,4,1-2-3,1240,5,1-2,850,4
20251122,住之江,7,一般,晴,西,4,2,3,3,5278,田 中 駿 兵,59,12,6.71,3,0.13,1.52.0,1-2-3,4000,15,1-2,1070,4,1-2-3,1240,5,1-2,850,4
20251122,住之江,7,一般,晴,西,4,2,4,5,5157,市 川 健 太,43,48,6.71,5,0.12,1.52.3,1-2-3,4000,15,1-2,1070,4,1-2-3,1240,5,1-2,850,4
20251122,住之江,7,一般,晴,西,4,2,5,4,5112,砂 長 知 輝,22,57,6.68,4,0.13,,1-2-3,4000,15,1-2,1070,4,1-2-3,1240,5,1-2,850,4
20251122,住之江,7,一般,晴,西,4,2,6,6,5018,竹 下 大 樹,54,37,6.61,6,0.20,,1-2-3,4000,15,1-2,1070,4,1-2-3,1240,5,1-2,850,4
20251122,住之江,8,一般,晴,西,3,2,1,1,5075,中 島 秀 治,29,44,6.67,1,0.14,1.50.0,1-2-3,2350,8,1-2,480,2,1-2-3,980,4,1-2,370,2
20251122,住之江,8,一般,晴,西,3,2,2,2,5070,中 島 航,39,28,6.69,2,0.18,1.50.7,1-2-3,2350,8,1-2,480,2,1-2-3,980,4,1-2,370,2
20251122,住之江,8,一般,晴,西,3,2,3,3,5105,富 田 恕 生,34,23,6.78,3,0.18,1.52.7,1-2-3,2350,8,1-2,480,2,1-2-3,980,4,1-2,370,2
20251122,住之江,8,一般,晴,西,3,2,4,5,5134,大 原 祥 昌,63,32,6.71,5,0.25,1.52.7,1-2-3,2350,8,1-2,480,2,1-2-3,980,4,1-2,370,2
20251122,住之江,8,一般,晴,西,3,2,5,6,5266,石 田 勇 斗,58,65,6.67,6,0.33,,1-2-3,2350,8,1-2,480,2,1-2-3,980,4,1-2,370,2
20251122,住之江,8,一般,晴,西,3,2,6,4,4910,中 村 泰 平,26,64,6.71,4,0.21,,1-2-3,2350,8,1-2,480,2,1-2-3,980,4,1-2,370,2
20251122,住之江,9,一般,晴,西,4,2,1,1,5114,小 林 孝 彰,19,70,6.63,1,0.10,1.49.4,1-4-2,1530,6,1-4,480,3,1-2-4,390,2,1-4,750,3
20251122,住之江,9,一般,晴,西,4,2,2,4,5319,近 藤 颯 斗,25,11,6.72,4,0.18,1.50.9,1-4-2,1530,6,1-4,480,3,1-2-4,390,2,1-4,750,3
20251122,住之江,9,一般,晴,西,4,2,3,2,5110,杉 山 喜 一,68,24,6.67,2,0.16,1.51.7,1-4-2,1530,6,1-4,480,3,1-2-4,390,2,1-4,750,3
20251122,住之江,9,一般,晴,西,4,2,4,3,5130,上 野 拓 馬,50,20,6.67,3,0.12,1.52.9,1-4-2,1530,6,1-4,480,3,1-2-4,390,2,1-4,750,3
20251122,住之江,9,一般,晴,西,4,2,5,6,5172,田 村 慶,41,71,6.64,6,0.19,,1-4-2,1530,6,1-4,480,3,1-2-4,390,2,1-4,750,3
20251122,住之江,9,一般,晴,西,4,2,6,5,5301,岩 下 巧 斗,24,53,6.69,5,0.30,,1-4-2,1530,6,1-4,480,3,1-2-4,390,2,1-4,750,3
20251122,住之江,10,準優勝戦,晴,西,4,2,1,1,5158,宮 脇 遼 太,30,17,6.62,1,0.01,1.48.0,1-3-5,2020,8,1-3,260,1,1-3-5,810,4,1-3,210,1
20251122,住之江,10,準優勝戦,晴,西,4,2,2,3,5267,石 本 裕 武,76,43,6.59,3,0.06,1.49.8,1-3-5,2020,8,1-3,260,1,1-3-5,810,4,1-3,210,1
20251122,住之江,10,準優勝戦,晴,西,4,2,3,5,5279,石 渡 翔一郎,55,72,6.69,5,0.09,1.52.0,1-3-5,2020,8,1-3,260,1,1-3-5,810,4,1-3,210,1
20251122,住之江,10,準優勝戦,晴,西,4,2,4,6,5337,出 畑 孝 成,51,49,6.67,6,0.27,1.54.5,1-3-5,2020,8,1-3,260,1,1-3-5,810,4,1-3,210,1
20251122,住之江,10,準優勝戦,晴,西,4,2,5,4,5256,中 山 翔 太,46,54,6.62,4,0.06,,1-3-5,2020,8,1-3,260,1,1-3-5,810,4,1-3,210,1
20251122,住之江,10,準優勝戦,晴,西,4,2,6,2,5252,荒 木 颯 斗,69,29,6.60,2,0.07,,1-3-5,2020,8,1-3,260,1,1-3-5,810,4,1-3,210,1
20251122,住之江,11,準優勝戦,晴,西,4,2,1,3,5102,原 田 雄 次,72,73,6.67,3,0.10,1.49.1,3-1-4,9730,22,3-1,4010,8,1-3-4,580,3,1-3,440,3
20251122,住之江,11,準優勝戦,晴,西,4,2,2,1,5112,砂 長 知 輝,22,57,6.68,1,0.20,1.50.6,3-1-4,9730,22,3-1,4010,8,1-3-4,580,3,1-3,440,3
20251122,住之江,11,準優勝戦,晴,西,4,2,3,4,5034,若 林 義 人,71,34,6.68,4,0.14,1.52.1,3-1-4,9730,22,3-1,4010,8,1-3-4,580,3,1-3,440,3
20251122,住之江,11,準優勝戦,晴,西,4,2,4,6,5096,上 原 崚,36,35,6.72,6,0.10,1.52.2,3-1-4,9730,22,3-1,4010,8,1-3-4,580,3,1-3,440,3
20251122,住之江,11,準優勝戦,晴,西,4,2,5,2,5125,高 井 雄 基,45,16,6.76,2,0.19,,3-1-4,9730,22,3-1,4010,8,1-3-4,580,3,1-3,440,3
20251122,住之江,11,準優勝戦,晴,西,4,2,6,5,5183,中 野 孝 二,27,75,6.74,5,0.12,,3-1-4,9730,22,3-1,4010,8,1-3-4,580,3,1-3,440,3
20251122,住之江,12,準優勝戦,晴,西,4,2,1,1,4910,中 村 泰 平,26,64,6.64,1,0.06,1.48.0,1-2-6,2880,11,1-2,180,1,1-2-6,1300,7,1-2,180,1
20251122,住之江,12,準優勝戦,晴,西,4,2,2,2,5018,竹 下 大 樹,54,37,6.67,2,0.09,1.49.6,1-2-6,2880,11,1-2,180,1,1-2-6,1300,7,1-2,180,1
20251122,住之江,12,準優勝戦,晴,西,4,2,3,6,5075,中 島 秀 治,29,44,6.65,6,0.04,1.50.6,1-2-6,2880,11,1-2,180,1,1-2-6,1300,7,1-2,180,1
20251122,住之江,12,準優勝戦,晴,西,4,2,4,4,5278,田 中 駿 兵,59,12,6.64,4,0.07,1.51.8,1-2-6,2880,11,1-2,180,1,1-2-6,1300,7,1-2,180,1
20251122,住之江,12,準優勝戦,晴,西,4,2,5,3,5255,藤 原 仙 二,12,26,6.67,3,0.13,,1-2-6,2880,11,1-2,180,1,1-2-6,1300,7,1-2,180,1
20251122,住之江,12,準優勝戦,晴,西,4,2,6,5,5139,大 場 恒 季,13,41,6.70,5,0.08,,1-2-6,2880,11,1-2,180,1,1-2-6,1300,7,1-2,180,1
20251122,住之江,1,朝トコ小判Ｒ,晴,北西,2,1,1,5,3448,高 山 秀 雄,26,69,6.76,5,0.17,1.54.7,5-1-2,21880,43,5-1,5560,10,1-2-5,1350,7,1-5,650,4
20251122,住之江,1,朝トコ小判Ｒ,晴,北西,2,1,2,1,3661,柳 瀬 興 志,17,45,6.79,1,0.24,1.56.6,5-1-2,21880,43,5-1,5560,10,1-2-5,1350,7,1-5,650,4
20251122,住之江,1,朝トコ小判Ｒ,晴,北西,2,1,3,2,3871,池 田 紫 乃,43,73,6.81,2,0.20,1.58.4,5-1-2,21880,43,5-1,5560,10,1-2-5,1350,7,1-5,650,4
20251122,住之江,1,朝トコ小判Ｒ,晴,北西,2,1,4,3,4034,西 原 明 生,58,70,6.75,3,0.17,1.59.9,5-1-2,21880,43,5-1,5560,10,1-2-5,1350,7,1-5,650,4
20251122,住之江,1,朝トコ小判Ｒ,晴,北西,2,1,5,6,5004,河 野 主 樹,46,16,6.73,6,0.15,,5-1-2,21880,43,5-1,5560,10,1-2-5,1350,7,1-5,650,4
20251122,住之江,2,一般,晴,北,2,1,1,1,4809,外 崎 悟,20,21,6.77,1,0.10,1.49.7,1-2-4,1690,6,1-2,470,2,1-2-4,850,5,1-2,260,2
20251122,住之江,2,一般,晴,北,2,1,2,2,4889,後 藤 盛 也,8,59,6.78,2,0.12,1.50.4,1-2-4,1690,6,1-2,470,2,1-2-4,850,5,1-2,260,2
20251122,住之江,2,一般,晴,北,2,1,3,4,4665,加 藤 啓 太,40,18,6.80,4,0.12,1.52.4,1-2-4,1690,6,1-2,470,2,1-2-4,850,5,1-2,260,2
20251122,住之江,2,一般,晴,北,2,1,4,3,3562,山 下 和 彦,18,23,6.80,3,0.17,1.53.8,1-2-4,1690,6,1-2,470,2,1-2-4,850,5,1-2,260,2
20251122,住之江,2,一般,晴,北,2,1,5,5,4733,赤 井 睦,22,32,6.75,5,0.14,,1-2-4,1690,6,1-2,470,2,1-2-4,850,5,1-2,260,2
20251122,住之江,2,一般,晴,北,2,1,6,6,5410,今 泉 澪,55,42,6.81,6,0.12,,1-2-4,1690,6,1-2,470,2,1-2-4,850,5,1-2,260,2
20251122,住之江,3,一般,晴,北西,2,1,1,1,4983,前 田 篤 哉,41,65,6.56,1,0.16,1.48.6,1-3-5,380,1,1-3,210,1,1-3-5,230,1,1-3,170,1
20251122,住之江,3,一般,晴,北西,2,1,2,3,3541,三 嶌 誠 司,38,66,6.74,3,0.17,1.49.5,1-3-5,380,1,1-3,210,1,1-3-5,230,1,1-3,170,1
20251122,住之江,3,一般,晴,北西,2,1,3,5,4411,沢 田 昭 宏,29,64,6.70,5,0.14,1.51.4,1-3-5,380,1,1-3,210,1,1-3-5,230,1,1-3,170,1
20251122,住之江,3,一般,晴,北西,2,1,4,4,4104,木 下 陽 介,28,50,6.71,4,0.12,1.53.2,1-3-5,380,1,1-3,210,1,1-3-5,230,1,1-3,170,1
20251122,住之江,3,一般,晴,北西,2,1,5,2,4139,丹 下 健,15,26,6.72,2,0.16,,1-3-5,380,1,1-3,210,1,1-3-5,230,1,1-3,170,1
20251122,住之江,3,一般,晴,北西,2,1,6,6,5295,田 上 凜,13,74,6.69,6,0.16,,1-3-5,380,1,1-3,210,1,1-3-5,230,1,1-3,170,1
20251122,住之江,4,一般,晴,北東,2,1,1,1,3070,山 室 展 弘,56,25,6.70,1,0.06,1.48.5,1-6-2,12560,42,1-6,1740,9,1-2-6,4810,14,1-6,1190,5
20251122,住之江,4,一般,晴,北東,2,1,2,6,4184,渡 邊 雄一郎,34,37,6.58,6,0.13,1.49.8,1-6-2,12560,42,1-6,1740,9,1-2-6,4810,14,1-6,1190,5
20251122,住之江,4,一般,晴,北東,2,1,3,2,4558,宮 野 仁,60,46,6.69,2,0.11,1.51.4,1-6-2,12560,42,1-6,1740,9,1-2-6,4810,14,1-6,1190,5
20251122,住之江,4,一般,晴,北東,2,1,4,3,4611,今 井 美 亜,53,44,6.62,3,0.09,1.52.5,1-6-2,12560,42,1-6,1740,9,1-2-6,4810,14,1-6,1190,5
20251122,住之江,4,一般,晴,北東,2,1,5,4,4072,森 永 淳,35,49,6.62,4,0.11,,1-6-2,12560,42,1-6,1740,9,1-2-6,4810,14,1-6,1190,5
20251122,住之江,4,一般,晴,北東,2,1,6,5,3615,横 田 茂,33,14,6.72,5,0.15,,1-6-2,12560,42,1-6,1740,9,1-2-6,4810,14,1-6,1190,5
20251122,住之江,5,一般,晴,北東,3,1,1,1,4743,木 村 仁 紀,19,48,6.82,1,0.10,1.49.1,1-6-2,2040,7,1-6,270,1,1-2-6,840,4,1-6,200,1
20251122,住之江,5,一般,晴,北東,3,1,2,6,3388,今 垣 光太郎,59,60,6.78,4,0.26,1.50.2,1-6-2,2040,7,1-6,270,1,1-2-6,840,4,1-6,200,1
20251122,住之江,5,一般,晴,北東,3,1,3,2,5004,河 野 主 樹,46,16,6.77,2,0.16,1.51.2,1-6-2,2040,7,1-6,270,1,1-2-6,840,4,1-6,200,1
20251122,住之江,5,一般,晴,北東,3,1,4,3,4146,柳 橋 宏 紀,11,39,6.77,3,0.14,1.53.0,1-6-2,2040,7,1-6,270,1,1-2-6,840,4,1-6,200,1
20251122,住之江,5,一般,晴,北東,3,1,5,5,4892,柴 田 直 哉,49,56,6.81,6,0.34,,1-6-2,2040,7,1-6,270,1,1-2-6,840,4,1-6,200,1
20251122,住之江,5,一般,晴,北東,3,1,6,4,4424,松 尾 昂 明,45,43,6.68,5,0.29,,1-6-2,2040,7,1-6,270,1,1-2-6,840,4,1-6,200,1
20251122,住之江,6,昼トコ小判Ｒ,晴,北東,3,1,1,1,3333,丸 尾 義 孝,2,72,6.73,1,0.09,1.49.1,1-5-2,1730,9,1-5,670,3,1-2-5,830,4,1-5,570,4
20251122,住之江,6,昼トコ小判Ｒ,晴,北東,3,1,2,5,4850,野 中 一 平,23,67,6.72,5,0.11,1.50.4,1-5-2,1730,9,1-5,670,3,1-2-5,830,4,1-5,570,4
20251122,住之江,6,昼トコ小判Ｒ,晴,北東,3,1,3,2,4380,鈴 木 峻 佑,27,35,6.73,2,0.13,1.52.5,1-5-2,1730,9,1-5,670,3,1-2-5,830,4,1-5,570,4
20251122,住之江,6,昼トコ小判Ｒ,晴,北東,3,1,4,3,4665,加 藤 啓 太,40,18,6.75,3,0.10,1.53.1,1-5-2,1730,9,1-5,670,3,1-2-5,830,4,1-5,570,4
20251122,住之江,6,昼トコ小判Ｒ,晴,北東,3,1,5,4,3833,中 辻 博 訓,36,17,6.75,4,0.08,,1-5-2,1730,9,1-5,670,3,1-2-5,830,4,1-5,570,4
20251122,住之江,6,昼トコ小判Ｒ,晴,北東,3,1,6,6,5418,堀 内 亜 海,57,54,6.79,6,0.16,,1-5-2,1730,9,1-5,670,3,1-2-5,830,4,1-5,570,4
20251122,住之江,7,一般,晴,北東,3,1,1,1,4288,永 田 啓 二,21,61,6.75,1,0.09,1.49.3,1-2-5,1550,7,1-2,330,2,1-2-5,690,4,1-2,490,2
20251122,住之江,7,一般,晴,北東,3,1,2,2,3714,梶 原 正,51,52,6.80,2,0.12,1.50.9,1-2-5,1550,7,1-2,330,2,1-2-5,690,4,1-2,490,2
20251122,住之江,7,一般,晴,北東,3,1,3,5,4139,丹 下 健,15,26,6.72,5,0.16,1.51.6,1-2-5,1550,7,1-2,330,2,1-2-5,690,4,1-2,490,2
20251122,住之江,7,一般,晴,北東,3,1,4,3,3448,高 山 秀 雄,26,69,6.76,3,0.21,1.52.4,1-2-5,1550,7,1-2,330,2,1-2-5,690,4,1-2,490,2
20251122,住之江,7,一般,晴,北東,3,1,5,6,5296,永 田 楽,50,38,6.77,6,0.20,,1-2-5,1550,7,1-2,330,2,1-2-5,690,4,1-2,490,2
20251122,住之江,7,一般,晴,北東,3,1,6,4,3871,池 田 紫 乃,43,73,6.75,4,0.21,,1-2-5,1550,7,1-2,330,2,1-2-5,690,4,1-2,490,2
20251122,住之江,8,一般,晴,北,3,1,1,6,4188,久 田 敏 之,1,51,6.82,6,0.17,1.48.5,6-5-3,61640,90,6-5,10960,24,3-5-6,6930,14,5-6,6520,12
20251122,住之江,8,一般,晴,北,3,1,2,5,5295,田 上 凜,13,74,6.75,5,0.18,1.50.2,6-5-3,61640,90,6-5,10960,24,3-5-6,6930,14,5-6,6520,12
20251122,住之江,8,一般,晴,北,3,1,3,3,4214,林 祐 介,9,19,6.75,3,0.14,1.52.5,6-5-3,61640,90,6-5,10960,24,3-5-6,6930,14,5-6,6520,12
20251122,住之江,8,一般,晴,北,3,1,4,1,4390,松 本 弓 雄,37,30,6.78,1,0.21,1.53.7,6-5-3,61640,90,6-5,10960,24,3-5-6,6930,14,5-6,6520,12
20251122,住之江,8,一般,晴,北,3,1,5,4,3070,山 室 展 弘,56,25,6.77,4,0.22,,6-5-3,61640,90,6-5,10960,24,3-5-6,6930,14,5-6,6520,12
20251122,住之江,8,一般,晴,北,3,1,6,2,3562,山 下 和 彦,18,23,6.79,2,0.21,,6-5-3,61640,90,6-5,10960,24,3-5-6,6930,14,5-6,6520,12
20251122,住之江,9,一般,晴,北東,3,1,1,3,4733,赤 井 睦,22,32,6.80,3,0.28,1.48.7,3-4-2,8470,37,3-4,3830,15,2-3-4,1250,6,3-4,1450,9
20251122,住之江,9,一般,晴,北東,3,1,2,4,4892,柴 田 直 哉,49,56,6.80,4,0.24,1.50.6,3-4-2,8470,37,3-4,3830,15,2-3-4,1250,6,3-4,1450,9
20251122,住之江,9,一般,晴,北東,3,1,3,2,3684,清 水 攻 二,16,15,6.81,2,0.25,1.51.5,3-4-2,8470,37,3-4,3830,15,2-3-4,1250,6,3-4,1450,9
20251122,住之江,9,一般,晴,北東,3,1,4,1,4724,吉 田 祐 貴,10,13,6.76,1,0.16,1.53.3,3-4-2,8470,37,3-4,3830,15,2-3-4,1250,6,3-4,1450,9
20251122,住之江,9,一般,晴,北東,3,1,5,6,4159,向 後 龍 一,4,24,6.78,5,0.26,,3-4-2,8470,37,3-4,3830,15,2-3-4,1250,6,3-4,1450,9
20251122,住之江,9,一般,晴,北東,3,1,6,5,5410,今 泉 澪,55,42,6.79,6,0.37,,3-4-2,8470,37,3-4,3830,15,2-3-4,1250,6,3-4,1450,9
20251122,住之江,10,準優勝戦,晴,北,3,1,1,2,4411,沢 田 昭 宏,29,64,6.70,2,0.14,1.48.5,2-1-4,3290,12,2-1,2210,6,1-2-4,280,1,1-2,190,1
20251122,住之江,10,準優勝戦,晴,北,3,1,2,1,4184,渡 邊 雄一郎,34,37,6.71,1,0.07,1.49.5,2-1-4,3290,12,2-1,2210,6,1-2-4,280,1,1-2,190,1
20251122,住之江,10,準優勝戦,晴,北,3,1,3,4,3541,三 嶌 誠 司,38,66,6.74,4,0.13,1.51.4,2-1-4,3290,12,2-1,2210,6,1-2-4,280,1,1-2,190,1
20251122,住之江,10,準優勝戦,晴,北,3,1,4,5,4889,後 藤 盛 也,8,59,6.79,5,0.07,1.52.6,2-1-4,3290,12,2-1,2210,6,1-2-4,280,1,1-2,190,1
20251122,住之江,10,準優勝戦,晴,北,3,1,5,3,4424,松 尾 昂 明,45,43,6.68,3,0.12,,2-1-4,3290,12,2-1,2210,6,1-2-4,280,1,1-2,190,1
20251122,住之江,10,準優勝戦,晴,北,3,1,6,6,4809,外 崎 悟,20,21,6.74,6,0.07,,2-1-4,3290,12,2-1,2210,6,1-2-4,280,1,1-2,190,1
20251122,住之江,11,準優勝戦,晴,北,3,1,1,1,3388,今 垣 光太郎,59,60,6.77,1,0.15,1.48.1,1-2-3,470,1,1-2,240,1,1-2-3,190,1,1-2,250,2
20251122,住之江,11,準優勝戦,晴,北,3,1,2,2,4850,野 中 一 平,23,67,6.73,2,0.15,1.49.1,1-2-3,470,1,1-2,240,1,1-2-3,190,1,1-2,250,2
20251122,住之江,11,準優勝戦,晴,北,3,1,3,3,4072,森 永 淳,35,49,6.71,3,0.14,1.50.0,1-2-3,470,1,1-2,240,1,1-2-3,190,1,1-2,250,2
20251122,住之江,11,準優勝戦,晴,北,3,1,4,4,4611,今 井 美 亜,53,44,6.75,4,0.17,1.52.7,1-2-3,470,1,1-2,240,1,1-2-3,190,1,1-2,250,2
20251122,住之江,11,準優勝戦,晴,北,3,1,5,5,3333,丸 尾 義 孝,2,72,6.80,5,0.23,,1-2-3,470,1,1-2,240,1,1-2-3,190,1,1-2,250,2
20251122,住之江,11,準優勝戦,晴,北,3,1,6,6,3661,柳 瀬 興 志,17,45,6.75,6,0.32,,1-2-3,470,1,1-2,240,1,1-2-3,190,1,1-2,250,2
20251122,住之江,12,準優勝戦,晴,北,2,1,1,1,4188,久 田 敏 之,1,51,6.73,1,0.08,1.47.6,1-2-3,490,1,1-2,200,1,1-2-3,270,1,1-2,170,1
20251122,住之江,12,準優勝戦,晴,北,2,1,2,2,4288,永 田 啓 二,21,61,6.76,2,0.09,1.50.0,1-2-3,490,1,1-2,200,1,1-2-3,270,1,1-2,170,1
20251122,住之江,12,準優勝戦,晴,北,2,1,3,3,3833,中 辻 博 訓,36,17,6.76,3,0.11,1.51.1,1-2-3,490,1,1-2,200,1,1-2-3,270,1,1-2,170,1
20251122,住之江,12,準優勝戦,晴,北,2,1,4,5,4743,木 村 仁 紀,19,48,6.79,5,0.18,1.52.2,1-2-3,490,1,1-2,200,1,1-2-3,270,1,1-2,170,1
20251122,住之江,12,準優勝戦,晴,北,2,1,5,4,4146,柳 橋 宏 紀,11,39,6.77,4,0.13,,1-2-3,490,1,1-2,200,1,1-2-3,270,1,1-2,170,1
20251122,住之江,12,準優勝戦,晴,北,2,1,6,6,4983,前 田 篤 哉,41,65,6.68,6,0.18,,1-2-3,490,1,1-2,200,1,1-2-3,270,1,1-2,170,1
20251122,住之江,1,予選,晴,北西,3,1,1,2,3804,中 渡 修 作,74,52,6.63,2,0.15,1.47.8,2-1-3,2510,8,2-1,1340,4,1-2-3,380,2,1-2,470,2
20251122,住之江,1,予選,晴,北西,3,1,2,1,4016,西 川 新太郎,65,26,6.67,1,0.22,1.49.0,2-1-3,2510,8,2-1,1340,4,1-2-3,380,2,1-2,470,2
20251122,住之江,1,予選,晴,北西,3,1,3,3,4788,小 池 哲 也,61,12,6.65,3,0.13,1.50.2,2-1-3,2510,8,2-1,1340,4,1-2-3,380,2,1-2,470,2
20251122,住之江,1,予選,晴,北西,3,1,4,4,5323,香 川 陽 太,57,22,6.69,4,0.11,1.51.3,2-1-3,2510,8,2-1,1340,4,1-2-3,380,2,1-2,470,2
20251122,住之江,1,予選,晴,北西,3,1,5,6,4452,松 尾 祭,49,49,6.69,6,0.17,,2-1-3,2510,8,2-1,1340,4,1-2-3,380,2,1-2,470,2
20251122,住之江,1,予選,晴,北西,3,1,6,5,3467,森 弘 行,23,56,6.69,5,0.12,,2-1-3,2510,8,2-1,1340,4,1-2-3,380,2,1-2,470,2
20251122,住之江,2,予選,晴,北西,2,1,1,1,4439,近 藤 友 宝,15,77,6.61,1,0.11,1.47.8,1-3-4,4670,16,1-3,1650,8,1-3-4,1830,8,1-3,800,4
20251122,住之江,2,予選,晴,北西,2,1,2,3,4058,野 末 智 一,24,25,6.63,3,0.19,1.49.6,1-3-4,4670,16,1-3,1650,8,1-3-4,1830,8,1-3,800,4
20251122,住之江,2,予選,晴,北西,2,1,3,4,4083,福 島 勇 樹,14,45,6.66,4,0.10,1.50.6,1-3-4,4670,16,1-3,1650,8,1-3-4,1830,8,1-3,800,4
20251122,住之江,2,予選,晴,北西,2,1,4,5,4461,安 田 吉 宏,72,18,6.62,5,0.15,1.51.3,1-3-4,4670,16,1-3,1650,8,1-3-4,1830,8,1-3,800,4
20251122,住之江,2,予選,晴,北西,2,1,5,6,4872,山 下 流 心,12,31,6.65,6,0.28,,1-3-4,4670,16,1-3,1650,8,1-3-4,1830,8,1-3,800,4
20251122,住之江,2,予選,晴,北西,2,1,6,2,4516,野 口 勝 弘,52,74,6.59,2,0.12,,1-3-4,4670,16,1-3,1650,8,1-3-4,1830,8,1-3,800,4
20251122,住之江,3,予選,晴,北西,2,1,1,2,4470,平 田 健之佑,76,28,6.60,2,0.15,1.47.9,2-4-6,2810,12,2-4,1500,6,2-4-6,580,3,2-4,710,3
20251122,住之江,3,予選,晴,北西,2,1,2,4,4363,大 野 芳 顕,26,37,6.61,5,0.16,1.49.6,2-4-6,2810,12,2-4,1500,6,2-4-6,580,3,2-4,710,3
20251122,住之江,3,予選,晴,北西,2,1,3,6,3813,佐 藤 大 介,16,17,6.64,3,0.18,1.50.1,2-4-6,2810,12,2-4,1500,6,2-4-6,580,3,2-4,710,3
20251122,住之江,3,予選,晴,北西,2,1,4,3,4978,山 田 和 佐,47,73,6.63,4,0.16,1.52.0,2-4-6,2810,12,2-4,1500,6,2-4-6,580,3,2-4,710,3
20251122,住之江,3,予選,晴,北西,2,1,5,1,4299,中 島 浩 哉,25,14,6.61,1,0.13,,2-4-6,2810,12,2-4,1500,6,2-4-6,580,3,2-4,710,3
20251122,住之江,3,予選,晴,北西,2,1,6,5,5341,山 道 諄 也,37,24,6.68,6,0.27,,2-4-6,2810,12,2-4,1500,6,2-4-6,580,3,2-4,710,3
20251122,住之江,4,予選,晴,北西,2,1,1,2,4278,藤 岡 俊 介,46,32,6.62,2,0.14,1.47.7,2-1-3,1270,2,2-1,510,1,1-2-3,230,1,1-2,250,1
20251122,住之江,4,予選,晴,北西,2,1,2,1,3482,金 子 猛 志,11,33,6.64,1,0.11,1.49.1,2-1-3,1270,2,2-1,510,1,1-2-3,230,1,1-2,250,1
20251122,住之江,4,予選,晴,北西,2,1,3,3,4812,西 野 雄 貴,31,36,6.61,3,0.15,1.50.5,2-1-3,1270,2,2-1,510,1,1-2-3,230,1,1-2,250,1
20251122,住之江,4,予選,晴,北西,2,1,4,5,5050,木 下 雄 介,58,72,6.61,5,0.08,1.51.4,2-1-3,1270,2,2-1,510,1,1-2-3,230,1,1-2,250,1
20251122,住之江,4,予選,晴,北西,2,1,5,4,4462,夏 山 亮 平,69,29,6.62,4,0.10,,2-1-3,1270,2,2-1,510,1,1-2-3,230,1,1-2,250,1
20251122,住之江,4,予選,晴,北西,2,1,6,6,5441,鈴 木 雄 登,19,38,6.66,6,0.28,,2-1-3,1270,2,2-1,510,1,1-2-3,230,1,1-2,250,1
20251122,住之江,5,予選,晴,南西,1,0,1,1,3912,川 原 正 明,51,41,6.67,1,0.09,1.46.9,1-4-2,1470,6,1-4,760,3,1-2-4,270,1,1-4,700,2
20251122,住之江,5,予選,晴,南西,1,0,2,4,5321,一 色 颯 輝,36,43,6.70,4,0.08,1.49.3,1-4-2,1470,6,1-4,760,3,1-2-4,270,1,1-4,700,2
20251122,住之江,5,予選,晴,南西,1,0,3,2,4748,渡 邉 雄 朗,17,35,6.70,2,0.11,1.50.0,1-4-2,1470,6,1-4,760,3,1-2-4,270,1,1-4,700,2
20251122,住之江,5,予選,晴,南西,1,0,4,3,3587,武 田 信 一,30,21,6.76,3,0.07,1.50.3,1-4-2,1470,6,1-4,760,3,1-2-4,270,1,1-4,700,2
20251122,住之江,5,予選,晴,南西,1,0,5,5,3804,中 渡 修 作,74,52,6.72,5,0.07,,1-4-2,1470,6,1-4,760,3,1-2-4,270,1,1-4,700,2
20251122,住之江,5,予選,晴,南西,1,0,6,6,4631,新 井 英 孝,71,19,6.79,6,0.09,,1-4-2,1470,6,1-4,760,3,1-2-4,270,1,1-4,700,2
20251122,住之江,6,予選,晴,南西,2,1,1,5,4852,川 原 祐 明,56,54,6.72,5,0.17,1.47.5,5-3-2,30600,66,5-3,10630,20,2-3-5,2670,8,3-5,6270,10
20251122,住之江,6,予選,晴,南西,2,1,2,3,4872,山 下 流 心,12,31,6.81,3,0.14,1.49.8,5-3-2,30600,66,5-3,10630,20,2-3-5,2670,8,3-5,6270,10
20251122,住之江,6,予選,晴,南西,2,1,3,2,4579,中 嶋 健一郎,75,11,6.73,2,0.15,1.50.8,5-3-2,30600,66,5-3,10630,20,2-3-5,2670,8,3-5,6270,10
20251122,住之江,6,予選,晴,南西,2,1,4,4,5039,倉 田 茂 将,50,16,6.71,4,0.12,1.52.2,5-3-2,30600,66,5-3,10630,20,2-3-5,2670,8,3-5,6270,10
20251122,住之江,6,予選,晴,南西,2,1,5,1,3872,岡 田 憲 行,68,15,6.72,1,0.18,,5-3-2,30600,66,5-3,10630,20,2-3-5,2670,8,3-5,6270,10
20251122,住之江,6,予選,晴,南西,2,1,6,6,3814,金 子 貴 志,67,57,6.76,6,0.17,,5-3-2,30600,66,5-3,10630,20,2-3-5,2670,8,3-5,6270,10
20251122,住之江,7,予選 進入固定,晴,南西,2,1,1,3,4496,内 堀 学,35,20,6.65,3,0.19,1.47.3,3-1-4,1240,4,3-1,700,3,1-3-4,180,1,1-3,170,1
20251122,住之江,7,予選 進入固定,晴,南西,2,1,2,1,4356,長 岡 良 也,28,34,6.69,1,0.18,1.48.0,3-1-4,1240,4,3-1,700,3,1-3-4,180,1,1-3,170,1
20251122,住之江,7,予選 進入固定,晴,南西,2,1,3,4,4469,土 山 卓 也,73,27,6.74,4,0.19,1.50.7,3-1-4,1240,4,3-1,700,3,1-3-4,180,1,1-3,170,1
20251122,住之江,7,予選 進入固定,晴,南西,2,1,4,6,4978,山 田 和 佐,47,73,6.71,6,0.18,1.51.5,3-1-4,1240,4,3-1,700,3,1-3-4,180,1,1-3,170,1
20251122,住之江,7,予選 進入固定,晴,南西,2,1,5,2,4016,西 川 新太郎,65,26,6.80,2,0.18,,3-1-4,1240,4,3-1,700,3,1-3-4,180,1,1-3,170,1
20251122,住之江,7,予選 進入固定,晴,南西,2,1,6,5,4186,小 川 時 光,45,39,6.80,5,0.19,,3-1-4,1240,4,3-1,700,3,1-3-4,180,1,1-3,170,1
20251122,住之江,8,予選,晴,南西,1,0,1,2,3590,濱野谷 憲 吾,41,13,6.70,2,0.09,1.45.6,2-3-5,2620,10,2-3,1320,5,2-3-5,950,3,2-3,1660,4
20251122,住之江,8,予選,晴,南西,1,0,2,3,4439,近 藤 友 宝,15,77,6.72,3,0.15,1.48.8,2-3-5,2620,10,2-3,1320,5,2-3-5,950,3,2-3,1660,4
20251122,住之江,8,予選,晴,南西,1,0,3,5,3944,山 口 裕 二,55,71,6.72,5,0.18,1.49.9,2-3-5,2620,10,2-3,1320,5,2-3-5,950,3,2-3,1660,4
20251122,住之江,8,予選,晴,南西,1,0,4,1,4151,下 河 誉 史,66,75,6.75,1,0.25,1.51.0,2-3-5,2620,10,2-3,1320,5,2-3-5,950,3,2-3,1660,4
20251122,住之江,8,予選,晴,南西,1,0,5,6,4462,夏 山 亮 平,69,29,6.76,6,0.15,,2-3-5,2620,10,2-3,1320,5,2-3-5,950,3,2-3,1660,4
20251122,住之江,8,予選,晴,南西,1,0,6,4,5318,河 内 一 馬,32,23,6.74,4,0.16,,2-3-5,2620,10,2-3,1320,5,2-3-5,950,3,2-3,1660,4
20251122,住之江,9,予選特賞,晴,北西,1,0,1,1,4630,岩 永 雅 人,20,30,6.61,1,0.15,1.47.8,1-3-6,1200,4,1-3,310,2,1-3-6,810,3,1-3,210,1
20251122,住之江,9,予選特賞,晴,北西,1,0,2,3,4363,大 野 芳 顕,26,37,6.68,3,0.16,1.48.6,1-3-6,1200,4,1-3,310,2,1-3-6,810,3,1-3,210,1
20251122,住之江,9,予選特賞,晴,北西,1,0,3,6,4788,小 池 哲 也,61,12,6.71,4,0.12,1.49.7,1-3-6,1200,4,1-3,310,2,1-3-6,810,3,1-3,210,1
20251122,住之江,9,予選特賞,晴,北西,1,0,4,5,3587,武 田 信 一,30,21,6.73,6,0.17,1.52.0,1-3-6,1200,4,1-3,310,2,1-3-6,810,3,1-3,210,1
20251122,住之江,9,予選特賞,晴,北西,1,0,5,4,4461,安 田 吉 宏,72,18,6.70,5,0.13,,1-3-6,1200,4,1-3,310,2,1-3-6,810,3,1-3,210,1
20251122,住之江,9,予選特賞,晴,北西,1,0,6,2,4769,馬 場 剛,48,76,6.68,2,0.11,,1-3-6,1200,4,1-3,310,2,1-3-6,810,3,1-3,210,1
20251122,住之江,10,予選特賞,晴,南西,1,0,1,1,4761,山 田 晃 大,40,40,6.74,1,0.16,1.47.0,1-3-5,600,1,1-3,280,1,1-3-5,270,1,1-3,190,1
20251122,住之江,10,予選特賞,晴,南西,1,0,2,3,4852,川 原 祐 明,56,54,6.72,3,0.23,1.47.3,1-3-5,600,1,1-3,280,1,1-3-5,270,1,1-3,190,1
20251122,住之江,10,予選特賞,晴,南西,1,0,3,5,4812,西 野 雄 貴,31,36,6.72,5,0.20,1.50.3,1-3-5,600,1,1-3,280,1,1-3-5,270,1,1-3,190,1
20251122,住之江,10,予選特賞,晴,南西,1,0,4,4,4299,中 島 浩 哉,25,14,6.79,4,0.23,1.51.2,1-3-5,600,1,1-3,280,1,1-3-5,270,1,1-3,190,1
20251122,住之江,10,予選特賞,晴,南西,1,0,5,2,5321,一 色 颯 輝,36,43,6.71,2,0.29,,1-3-5,600,1,1-3,280,1,1-3-5,270,1,1-3,190,1
20251122,住之江,10,予選特賞,晴,南西,1,0,6,6,4083,福 島 勇 樹,14,45,6.77,6,0.21,,1-3-5,600,1,1-3,280,1,1-3-5,270,1,1-3,190,1
20251122,住之江,11,予選特選,晴,北西,1,0,1,5,4496,内 堀 学,35,20,6.68,4,0.30,1.47.1,5-2-1,8790,32,5-2,3140,9,1-2-5,320,1,2-5,1740,7
20251122,住之江,11,予選特選,晴,北西,1,0,2,2,5050,木 下 雄 介,58,72,6.64,2,0.27,1.47.8,5-2-1,8790,32,5-2,3140,9,1-2-5,320,1,2-5,1740,7
20251122,住之江,11,予選特選,晴,北西,1,0,3,1,4516,野 口 勝 弘,52,74,6.65,1,0.26,1.49.7,5-2-1,8790,32,5-2,3140,9,1-2-5,320,1,2-5,1740,7
20251122,住之江,11,予選特選,晴,北西,1,0,4,3,3814,金 子 貴 志,67,57,6.72,3,0.31,1.51.7,5-2-1,8790,32,5-2,3140,9,1-2-5,320,1,2-5,1740,7
20251122,住之江,11,予選特選,晴,北西,1,0,5,6,4470,平 田 健之佑,76,28,6.70,6,0.31,,5-2-1,8790,32,5-2,3140,9,1-2-5,320,1,2-5,1740,7
20251122,住之江,11,予選特選,晴,北西,1,0,6,4,4631,新 井 英 孝,71,19,6.75,5,0.30,,5-2-1,8790,32,5-2,3140,9,1-2-5,320,1,2-5,1740,7
20251122,多摩川,12,ドリーム戦,晴,北西,1,0,1,1,3590,濱野谷 憲 吾,41,13,6.75,1,0.02,1.46.8,1-6-3,6240,17,1-6,1720,5,1-3-6,1600,8,1-6,1620,5
20251122,多摩川,12,ドリーム戦,晴,北西,1,0,2,6,4748,渡 邉 雄 朗,17,35,6.64,6,0.08,1.48.9,1-6-3,6240,17,1-6,1720,5,1-3-6,1600,8,1-6,1620,5
20251122,多摩川,12,ドリーム戦,晴,北西,1,0,3,3,4356,長 岡 良 也,28,34,6.70,3,0.09,1.51.2,1-6-3,6240,17,1-6,1720,5,1-3-6,1600,8,1-6,1620,5
20251122,多摩川,12,ドリーム戦,晴,北西,1,0,4,4,4579,中 嶋 健一郎,75,11,6.76,4,0.14,1.52.9,1-6-3,6240,17,1-6,1720,5,1-3-6,1600,8,1-6,1620,5
20251122,多摩川,1,予選,晴,北西,1,1,1,2,3619,長谷川 充,48,27,6.78,2,0.06,1.47.3,2-1-3,5530,24,2-1,1970,8,1-2-3,610,3,1-2,630,4
20251122,多摩川,1,予選,晴,北西,1,1,2,1,4821,妻 鳥 晋 也,55,68,6.74,1,0.10,1.49.5,2-1-3,5530,24,2-1,1970,8,1-2-3,610,3,1-2,630,4
20251122,多摩川,1,予選,晴,北西,1,1,3,3,4598,加 藤 政 彦,37,54,6.82,3,0.04,1.50.8,2-1-3,5530,24,2-1,1970,8,1-2-3,610,3,1-2,630,4
20251122,多摩川,1,予選,晴,北西,1,1,4,4,4653,小 野 達 哉,44,57,6.70,4,0.08,1.51.5,2-1-3,5530,24,2-1,1970,8,1-2-3,610,3,1-2,630,4
20251122,多摩川,1,予選,晴,北西,1,1,5,5,4272,大 場 広 孝,17,55,6.71,5,0.11,,2-1-3,5530,24,2-1,1970,8,1-2-3,610,3,1-2,630,4
20251122,多摩川,1,予選,晴,北西,1,1,6,6,3690,河 合 三 弘,25,21,6.77,6,0.11,,2-1-3,5530,24,2-1,1970,8,1-2-3,610,3,1-2,630,4
20251122,多摩川,2,予選,晴,北,1,1,1,2,4786,佐 藤 博 亮,32,62,6.56,2,0.14,1.47.3,2-3-4,790,1,2-3,360,1,2-3-4,320,1,2-3,360,2
20251122,多摩川,2,予選,晴,北,1,1,2,3,4336,松 田 竜 馬,72,45,6.67,3,0.15,1.49.5,2-3-4,790,1,2-3,360,1,2-3-4,320,1,2-3,360,2
20251122,多摩川,2,予選,晴,北,1,1,3,4,4489,岩 川 仁 士,73,25,6.67,4,0.16,1.51.1,2-3-4,790,1,2-3,360,1,2-3-4,320,1,2-3,360,2
20251122,多摩川,2,予選,晴,北,1,1,4,6,3602,奥 平 拓 也,22,67,6.71,6,0.19,1.52.1,2-3-4,790,1,2-3,360,1,2-3-4,320,1,2-3,360,2
20251122,多摩川,2,予選,晴,北,1,1,5,1,4425,大 井 清 貴,26,49,6.74,1,0.27,,2-3-4,790,1,2-3,360,1,2-3-4,320,1,2-3,360,2
20251122,多摩川,2,予選,晴,北,1,1,6,5,4871,菊 池 宏 志,16,64,6.67,5,0.14,,2-3-4,790,1,2-3,360,1,2-3-4,320,1,2-3,360,2
20251122,多摩川,3,予選,晴,西,1,1,1,1,4060,島 田 一 生,18,81,6.56,1,0.09,1.48.9,1-4-5,1290,1,1-4,450,1,1-4-5,470,1,1-4,240,1
20251122,多摩川,3,予選,晴,西,1,1,2,4,3983,須 藤 博 倫,14,53,6.65,4,0.07,1.49.9,1-4-5,1290,1,1-4,450,1,1-4-5,470,1,1-4,240,1
20251122,多摩川,3,予選,晴,西,1,1,3,5,4330,奈 須 啓 太,51,78,6.60,5,0.06,1.51.1,1-4-5,1290,1,1-4,450,1,1-4-5,470,1,1-4,240,1
20251122,多摩川,3,予選,晴,西,1,1,4,2,4905,土 井 祥 伍,56,31,6.67,2,0.14,1.52.2,1-4-5,1290,1,1-4,450,1,1-4-5,470,1,1-4,240,1
20251122,多摩川,3,予選,晴,西,1,1,5,3,3463,乙 津 康 志,52,80,6.61,3,0.09,,1-4-5,1290,1,1-4,450,1,1-4-5,470,1,1-4,240,1
20251122,多摩川,3,予選,晴,西,1,1,6,6,3792,田 中 豪,30,71,6.71,6,0.13,,1-4-5,1290,1,1-4,450,1,1-4-5,470,1,1-4,240,1
20251122,多摩川,4,予選,晴,東,2,2,1,2,4488,小 山 勉,64,38,6.82,2,0.15,1.47.5,2-1-3,2110,7,2-1,630,4,1-2-3,580,2,1-2,240,1
20251122,多摩川,4,予選,晴,東,2,2,2,1,3842,星 野 太 郎,27,33,6.78,1,0.19,1.49.7,2-1-3,2110,7,2-1,630,4,1-2-3,580,2,1-2,240,1
20251122,多摩川,4,予選,晴,東,2,2,3,3,4835,橋 本 明,70,26,6.78,3,0.13,1.51.1,2-1-3,2110,7,2-1,630,4,1-2-3,580,2,1-2,240,1
20251122,多摩川,4,予選,晴,東,2,2,4,4,4471,新 田 泰 章,12,34,6.81,4,0.11,1.51.7,2-1-3,2110,7,2-1,630,4,1-2-3,580,2,1-2,240,1
20251122,多摩川,4,予選,晴,東,2,2,5,5,5031,渡 辺 空 依,53,23,6.69,5,0.15,,2-1-3,2110,7,2-1,630,4,1-2-3,580,2,1-2,240,1
20251122,多摩川,4,予選,晴,東,2,2,6,6,5047,國 分 将太郎,42,75,6.75,6,0.19,,2-1-3,2110,7,2-1,630,4,1-2-3,580,2,1-2,240,1
20251122,多摩川,5,予選,晴,東,3,2,1,2,3532,柴 田 光,33,40,6.63,2,0.02,1.48.4,2-1-5,1440,4,2-1,320,1,1-2-5,600,2,1-2,190,1
20251122,多摩川,5,予選,晴,東,3,2,2,1,4272,大 場 広 孝,17,55,6.64,1,0.02,1.49.7,2-1-5,1440,4,2-1,320,1,1-2-5,600,2,1-2,190,1
20251122,多摩川,5,予選,晴,東,3,2,3,5,4039,村 上 功 祐,29,76,6.70,5,0.08,1.51.2,2-1-5,1440,4,2-1,320,1,1-2-5,600,2,1-2,190,1
20251122,多摩川,5,予選,晴,東,3,2,4,3,4583,古 田 祐 貴,38,69,6.74,3,0.01,1.53.0,2-1-5,1440,4,2-1,320,1,1-2-5,600,2,1-2,190,1
20251122,多摩川,5,予選,晴,東,3,2,5,4,4753,森 照 夫,61,37,6.79,4,0.04,,2-1-5,1440,4,2-1,320,1,1-2-5,600,2,1-2,190,1
20251122,多摩川,5,予選,晴,東,3,2,6,6,4062,後 藤 陽 介,46,73,6.72,6,0.14,,2-1-5,1440,4,2-1,320,1,1-2-5,600,2,1-2,190,1
20251122,多摩川,6,予選,晴,東,1,2,1,4,4113,木 村 浩 士,36,43,6.78,4,0.21,1.48.7,4-1-2,15200,39,4-1,5750,14,1-2-4,800,4,1-4,760,5
20251122,多摩川,6,予選,晴,東,1,2,2,1,4379,桑 島 和 宏,54,84,6.66,1,0.17,1.49.3,4-1-2,15200,39,4-1,5750,14,1-2-4,800,4,1-4,760,5
20251122,多摩川,6,予選,晴,東,1,2,3,2,4155,長 野 壮志郎,24,42,6.70,2,0.21,1.51.6,4-1-2,15200,39,4-1,5750,14,1-2-4,800,4,1-4,760,5
20251122,多摩川,6,予選,晴,東,1,2,4,5,4685,島 村 隆 幸,57,48,6.66,5,0.18,1.52.6,4-1-2,15200,39,4-1,5750,14,1-2-4,800,4,1-4,760,5
20251122,多摩川,6,予選,晴,東,1,2,5,3,3602,奥 平 拓 也,22,67,6.77,3,0.31,,4-1-2,15200,39,4-1,5750,14,1-2-4,800,4,1-4,760,5
20251122,多摩川,6,予選,晴,東,1,2,6,6,3282,池 本 輝 明,69,29,6.71,6,0.25,,4-1-2,15200,39,4-1,5750,14,1-2-4,800,4,1-4,760,5
20251122,多摩川,7,予選,晴,東,1,2,1,1,4710,福 田 宗 平,67,24,6.72,1,0.16,1.47.3,1-3-2,820,2,1-3,240,1,1-2-3,400,2,1-3,180,1
20251122,多摩川,7,予選,晴,東,1,2,2,3,3966,作 間 章,11,63,6.78,3,0.21,1.49.9,1-3-2,820,2,1-3,240,1,1-2-3,400,2,1-3,180,1
20251122,多摩川,7,予選,晴,東,1,2,3,2,4779,伊 倉 光,63,32,6.70,2,0.17,1.51.2,1-3-2,820,2,1-3,240,1,1-2-3,400,2,1-3,180,1
20251122,多摩川,7,予選,晴,東,1,2,4,4,4336,松 田 竜 馬,72,45,6.73,4,0.17,1.51.5,1-3-2,820,2,1-3,240,1,1-2-3,400,2,1-3,180,1
20251122,多摩川,7,予選,晴,東,1,2,5,6,4905,土 井 祥 伍,56,31,6.75,6,0.21,,1-3-2,820,2,1-3,240,1,1-2-3,400,2,1-3,180,1
20251122,多摩川,7,予選,晴,東,1,2,6,5,4821,妻 鳥 晋 也,55,68,6.79,5,0.23,,1-3-2,820,2,1-3,240,1,1-2-3,400,2,1-3,180,1
20251122,多摩川,8,予選,晴,西,1,2,1,1,4015,前 野 竜 一,50,28,6.69,1,0.17,1.47.7,1-4-3,2070,8,1-4,710,3,1-3-4,620,3,1-4,550,3
20251122,多摩川,8,予選,晴,西,1,2,2,4,4060,島 田 一 生,18,81,6.67,4,0.26,1.49.7,1-4-3,2070,8,1-4,710,3,1-3-4,620,3,1-4,550,3
20251122,多摩川,8,予選,晴,西,1,2,3,3,3629,浅 見 昌 克,41,46,6.71,3,0.22,1.51.3,1-4-3,2070,8,1-4,710,3,1-3-4,620,3,1-4,550,3
20251122,多摩川,8,予選,晴,西,1,2,4,5,5047,國 分 将太郎,42,75,6.70,5,0.21,1.52.8,1-4-3,2070,8,1-4,710,3,1-3-4,620,3,1-4,550,3
20251122,多摩川,8,予選,晴,西,1,2,5,6,4871,菊 池 宏 志,16,64,6.72,6,0.23,,1-4-3,2070,8,1-4,710,3,1-3-4,620,3,1-4,550,3
20251122,多摩川,8,予選,晴,西,1,2,6,2,4598,加 藤 政 彦,37,54,6.72,2,0.27,,1-4-3,2070,8,1-4,710,3,1-3-4,620,3,1-4,550,3
20251122,多摩川,9,予選,晴,南,1,2,1,1,3987,後 藤 正 宗,43,70,6.67,1,0.28,1.48.5,1-2-3,870,2,1-2,220,1,1-2-3,380,2,1-2,160,1
20251122,多摩川,9,予選,晴,南,1,2,2,2,3792,田 中 豪,30,71,6.74,2,0.25,1.50.1,1-2-3,870,2,1-2,220,1,1-2-3,380,2,1-2,160,1
20251122,多摩川,9,予選,晴,南,1,2,3,3,5031,渡 辺 空 依,53,23,6.67,3,0.24,1.52.0,1-2-3,870,2,1-2,220,1,1-2-3,380,2,1-2,160,1
20251122,多摩川,9,予選,晴,南,1,2,4,5,4425,大 井 清 貴,26,49,6.77,5,0.18,1.53.0,1-2-3,870,2,1-2,220,1,1-2-3,380,2,1-2,160,1
20251122,多摩川,9,予選,晴,南,1,2,5,4,5275,松 田 淳 平,49,47,6.71,4,0.15,,1-2-3,870,2,1-2,220,1,1-2-3,380,2,1-2,160,1
20251122,多摩川,9,予選,晴,南,1,2,6,6,4653,小 野 達 哉,44,57,6.76,6,0.21,,1-2-3,870,2,1-2,220,1,1-2-3,380,2,1-2,160,1
20251122,多摩川,10,予選特賞,晴,東,1,2,1,1,4330,奈 須 啓 太,51,78,6.68,1,0.10,1.57.1,1-5-3,2040,6,1-5,530,3,1-3-5,970,4,1-5,340,2
20251122,多摩川,10,予選特賞,晴,東,1,2,2,5,4786,佐 藤 博 亮,32,62,6.67,5,0.06,1.59.5,1-5-3,2040,6,1-5,530,3,1-3-5,970,4,1-5,340,2
20251122,多摩川,10,予選特賞,晴,東,1,2,3,3,4894,原 村 拓 也,68,74,6.76,3,0.28,2.01.7,1-5-3,2040,6,1-5,530,3,1-3-5,970,4,1-5,340,2
20251122,多摩川,10,予選特賞,晴,東,1,2,4,4,4062,後 藤 陽 介,46,73,6.69,4,0.08,2.04.7,1-5-3,2040,6,1-5,530,3,1-3-5,970,4,1-5,340,2
20251122,多摩川,10,予選特賞,晴,東,1,2,5,2,4471,新 田 泰 章,12,34,6.75,2,0.18,,1-5-3,2040,6,1-5,530,3,1-3-5,970,4,1-5,340,2
20251122,多摩川,11,予選特選,晴,南東,1,2,1,1,3966,作 間 章,11,63,6.67,1,0.17,1.48.2,1-4-3,990,3,1-4,510,2,1-3-4,230,1,1-4,480,2
20251122,多摩川,11,予選特選,晴,南東,1,2,2,4,4488,小 山 勉,64,38,6.75,4,0.15,1.49.8,1-4-3,990,3,1-4,510,2,1-3-4,230,1,1-4,480,2
20251122,多摩川,11,予選特選,晴,南東,1,2,3,3,4732,堀 本 和 也,31,79,6.66,3,0.14,1.51.5,1-4-3,990,3,1-4,510,2,1-3-4,230,1,1-4,480,2
20251122,多摩川,11,予選特選,晴,南東,1,2,4,6,3619,長谷川 充,48,27,6.74,6,0.17,1.52.2,1-4-3,990,3,1-4,510,2,1-3-4,230,1,1-4,480,2
20251122,多摩川,11,予選特選,晴,南東,1,2,5,2,3282,池 本 輝 明,69,29,6.72,2,0.15,,1-4-3,990,3,1-4,510,2,1-3-4,230,1,1-4,480,2
20251122,多摩川,11,予選特選,晴,南東,1,2,6,5,4906,鈴 木 雅 希,19,22,6.70,5,0.15,,1-4-3,990,3,1-4,510,2,1-3-4,230,1,1-4,480,2
20251122,多摩川,12,記者選抜戦,晴,南東,1,2,1,1,4685,島 村 隆 幸,57,48,6.65,1,0.16,1.46.6,1-3-4,610,2,1-3,180,1,1-3-4,470,2,1-3,200,1
20251122,多摩川,12,記者選抜戦,晴,南東,1,2,2,3,3983,須 藤 博 倫,14,53,6.67,3,0.13,1.49.4,1-3-4,610,2,1-3,180,1,1-3-4,470,2,1-3,200,1
20251122,多摩川,12,記者選抜戦,晴,南東,1,2,3,4,4394,永 嶋 裕 一,35,59,6.78,4,0.11,1.50.9,1-3-4,610,2,1-3,180,1,1-3-4,470,2,1-3,200,1
20251122,多摩川,12,記者選抜戦,晴,南東,1,2,4,2,4076,杉 田 篤 光,59,50,6.63,2,0.15,1.50.9,1-3-4,610,2,1-3,180,1,1-3-4,470,2,1-3,200,1
20251122,多摩川,12,記者選抜戦,晴,南東,1,2,5,6,4583,古 田 祐 貴,38,69,6.71,6,0.16,,1-3-4,610,2,1-3,180,1,1-3-4,470,2,1-3,200,1
20251122,多摩川,12,記者選抜戦,晴,南東,1,2,6,5,4779,伊 倉 光,63,32,6.66,5,0.17,,1-3-4,610,2,1-3,180,1,1-3-4,470,2,1-3,200,1
20251122,多摩川,1,予選,晴,無風,0,0,1,5,4702,三 浦 敬 太,2,64,6.64,5,0.13,1.48.2,5-1-2,2860,11,5-1,620,2,1-2-5,630,2,1-5,410,3
20251122,多摩川,1,予選,晴,無風,0,0,2,1,4508,野 間 大 樹,30,51,6.67,1,0.16,1.49.6,5-1-2,2860,11,5-1,620,2,1-2-5,630,2,1-5,410,3
20251122,多摩川,1,予選,晴,無風,0,0,3,2,5187,小 坂 風 太,4,55,6.74,2,0.20,1.51.4,5-1-2,2860,11,5-1,620,2,1-2-5,630,2,1-5,410,3
20251122,多摩川,1,予選,晴,無風,0,0,4,3,5029,中 亮 太,20,57,6.80,3,0.15,1.52.3,5-1-2,2860,11,5-1,620,2,1-2-5,630,2,1-5,410,3
20251122,多摩川,1,予選,晴,無風,0,0,5,4,4626,伊 藤 紘 章,41,31,6.71,4,0.20,,5-1-2,2860,11,5-1,620,2,1-2-5,630,2,1-5,410,3
20251122,多摩川,1,予選,晴,無風,0,0,6,6,5422,真 田 聖 也,48,25,6.80,6,0.33,,5-1-2,2860,11,5-1,620,2,1-2-5,630,2,1-5,410,3
20251122,多摩川,2,予選,晴,無風,0,0,1,2,4505,島 田 賢 人,40,41,6.71,2,0.17,1.48.0,2-1-4,930,1,2-1,430,1,1-2-4,240,1,1-2,210,1
20251122,多摩川,2,予選,晴,無風,0,0,2,1,3502,渡 邉 英 児,32,37,6.67,1,0.23,1.50.3,2-1-4,930,1,2-1,430,1,1-2-4,240,1,1-2,210,1
20251122,多摩川,2,予選,晴,無風,0,0,3,4,4430,永 田 秀 二,37,14,6.74,4,0.21,1.51.3,2-1-4,930,1,2-1,430,1,1-2-4,240,1,1-2,210,1
20251122,多摩川,2,予選,晴,無風,0,0,4,3,4407,鹿 島 敏 弘,35,13,6.71,3,0.22,1.52.4,2-1-4,930,1,2-1,430,1,1-2-4,240,1,1-2,210,1
20251122,多摩川,2,予選,晴,無風,0,0,5,6,4495,森 晋太郎,38,54,6.74,6,0.28,,2-1-4,930,1,2-1,430,1,1-2-4,240,1,1-2,210,1
20251122,多摩川,2,予選,晴,無風,0,0,6,5,4181,花 本 夏 樹,22,60,6.82,5,0.33,,2-1-4,930,1,2-1,430,1,1-2-4,240,1,1-2,210,1
20251122,多摩川,3,予選,晴,無風,0,0,1,3,4140,梶 野 学 志,57,34,6.77,3,0.07,1.48.4,3-2-1,4890,24,3-2,1230,8,1-2-3,420,2,2-3,700,5
20251122,多摩川,3,予選,晴,無風,0,0,2,2,4090,中 村 尊,1,48,6.77,2,0.11,1.49.5,3-2-1,4890,24,3-2,1230,8,1-2-3,420,2,2-3,700,5
20251122,多摩川,3,予選,晴,無風,0,0,3,1,4904,松 本 一 毅,15,52,6.73,1,0.11,1.50.8,3-2-1,4890,24,3-2,1230,8,1-2-3,420,2,2-3,700,5
20251122,多摩川,3,予選,晴,無風,0,0,4,5,5332,村 松 遥 輝,62,53,6.76,5,0.09,1.51.8,3-2-1,4890,24,3-2,1230,8,1-2-3,420,2,2-3,700,5
20251122,多摩川,3,予選,晴,無風,0,0,5,4,4645,上 村 純 一,5,24,6.66,4,0.04,,3-2-1,4890,24,3-2,1230,8,1-2-3,420,2,2-3,700,5
20251122,多摩川,3,予選,晴,無風,0,0,6,6,4641,磯 村 匠,51,73,6.72,6,0.20,,3-2-1,4890,24,3-2,1230,8,1-2-3,420,2,2-3,700,5
20251122,多摩川,4,予選,晴,無風,0,0,1,1,3986,沖 島 広 和,47,56,6.66,1,0.11,1.48.2,1-2-3,2110,6,1-2,1190,5,1-2-3,560,2,1-2,950,4
20251122,多摩川,4,予選,晴,無風,0,0,2,2,3655,本 橋 克 洋,46,40,6.80,2,0.13,1.50.0,1-2-3,2110,6,1-2,1190,5,1-2-3,560,2,1-2,950,4
20251122,多摩川,4,予選,晴,無風,0,0,3,3,5166,仲 道 大 輔,39,16,6.72,3,0.08,1.51.1,1-2-3,2110,6,1-2,1190,5,1-2-3,560,2,1-2,950,4
20251122,多摩川,4,予選,晴,無風,0,0,4,4,5167,小 川 竜太朗,61,59,6.72,4,0.15,1.52.3,1-2-3,2110,6,1-2,1190,5,1-2-3,560,2,1-2,950,4
20251122,多摩川,4,予選,晴,無風,0,0,5,5,3544,豊 田 訓 靖,45,38,6.72,5,0.18,,1-2-3,2110,6,1-2,1190,5,1-2-3,560,2,1-2,950,4
20251122,多摩川,4,予選,晴,無風,0,0,6,6,4095,福 来 剛,54,15,6.68,6,0.15,,1-2-3,2110,6,1-2,1190,5,1-2-3,560,2,1-2,950,4
20251122,多摩川,5,ウインウイン,晴,無風,0,0,1,1,5038,金 田 智 博,55,67,6.63,1,0.12,1.48.8,1-5-3,10130,28,1-5,2370,7,1-3-5,3580,11,1-5,2190,8
20251122,多摩川,5,ウインウイン,晴,無風,0,0,2,5,4626,伊 藤 紘 章,41,31,6.72,5,0.18,1.50.1,1-5-3,10130,28,1-5,2370,7,1-3-5,3580,11,1-5,2190,8
20251122,多摩川,5,ウインウイン,晴,無風,0,0,3,3,5263,花 田 凱 成,63,50,6.65,3,0.16,1.51.0,1-5-3,10130,28,1-5,2370,7,1-3-5,3580,11,1-5,2190,8
20251122,多摩川,5,ウインウイン,晴,無風,0,0,4,6,4656,大 崎 翔,52,74,6.78,6,0.26,1.53.1,1-5-3,10130,28,1-5,2370,7,1-3-5,3580,11,1-5,2190,8
20251122,多摩川,5,ウインウイン,晴,無風,0,0,5,4,5051,松 本 純 平,6,62,6.62,4,0.11,,1-5-3,10130,28,1-5,2370,7,1-3-5,3580,11,1-5,2190,8
20251122,多摩川,5,ウインウイン,晴,無風,0,0,6,2,5331,佐 藤 永 梧,28,69,6.74,2,0.12,,1-5-3,10130,28,1-5,2370,7,1-3-5,3580,11,1-5,2190,8
20251122,多摩川,6,予選,晴,無風,0,0,1,1,3385,渡 邉 睦 広,42,32,6.62,1,0.11,1.48.6,1-3-4,2380,6,1-3,320,1,1-3-4,1390,5,1-3,260,1
20251122,多摩川,6,予選,晴,無風,0,0,2,3,4287,今 井 貴 士,58,46,6.75,3,0.16,1.49.5,1-3-4,2380,6,1-3,320,1,1-3-4,1390,5,1-3,260,1
20251122,多摩川,6,予選,晴,無風,0,0,3,4,5187,小 坂 風 太,4,55,6.72,4,0.18,1.49.8,1-3-4,2380,6,1-3,320,1,1-3-4,1390,5,1-3,260,1
20251122,多摩川,6,予選,晴,無風,0,0,4,5,4428,有 賀 達 也,59,21,6.75,5,0.16,1.51.3,1-3-4,2380,6,1-3,320,1,1-3-4,1390,5,1-3,260,1
20251122,多摩川,6,予選,晴,無風,0,0,5,6,4578,藤 山 雅 弘,21,28,6.72,6,0.20,,1-3-4,2380,6,1-3,320,1,1-3-4,1390,5,1-3,260,1
20251122,多摩川,6,予選,晴,無風,0,0,6,2,4040,廣 瀬 将 亨,50,75,6.71,2,0.15,,1-3-4,2380,6,1-3,320,1,1-3-4,1390,5,1-3,260,1
20251122,多摩川,7,ウインウイン,晴,無風,0,0,1,1,4545,岡 村 慶 太,49,77,6.61,1,0.24,1.47.9,1-4-5,1180,3,1-4,430,2,1-4-5,510,3,1-4,290,1
20251122,多摩川,7,ウインウイン,晴,無風,0,0,2,4,3589,西 村 勝,43,35,6.73,5,0.23,1.50.3,1-4-5,1180,3,1-4,430,2,1-4-5,510,3,1-4,290,1
20251122,多摩川,7,ウインウイン,晴,無風,0,0,3,5,5085,中 村 栄 治,64,36,6.63,6,0.33,1.50.7,1-4-5,1180,3,1-4,430,2,1-4-5,510,3,1-4,290,1
20251122,多摩川,7,ウインウイン,晴,無風,0,0,4,2,4181,花 本 夏 樹,22,60,6.74,2,0.25,1.52.1,1-4-5,1180,3,1-4,430,2,1-4-5,510,3,1-4,290,1
20251122,多摩川,7,ウインウイン,晴,無風,0,0,5,3,5332,村 松 遥 輝,62,53,6.70,3,0.21,,1-4-5,1180,3,1-4,430,2,1-4-5,510,3,1-4,290,1
20251122,多摩川,7,ウインウイン,晴,無風,0,0,6,6,3627,井 上 恵 一,65,12,6.80,4,0.22,,1-4-5,1180,3,1-4,430,2,1-4-5,510,3,1-4,290,1
20251122,多摩川,8,予選,晴,東,2,1,1,4,4904,松 本 一 毅,15,52,6.67,4,0.19,1.48.7,4-5-1,3910,13,4-5,1530,6,1-4-5,510,3,4-5,910,4
20251122,多摩川,8,予選,晴,東,2,1,2,5,4446,和 田 兼 輔,56,76,6.71,5,0.23,1.51.0,4-5-1,3910,13,4-5,1530,6,1-4-5,510,3,4-5,910,4
20251122,多摩川,8,予選,晴,東,2,1,3,1,5166,仲 道 大 輔,39,16,6.73,1,0.26,1.52.4,4-5-1,3910,13,4-5,1530,6,1-4-5,510,3,4-5,910,4
20251122,多摩川,8,予選,晴,東,2,1,4,3,3202,三 品 隆 浩,60,71,6.73,3,0.33,1.53.7,4-5-1,3910,13,4-5,1530,6,1-4-5,510,3,4-5,910,4
20251122,多摩川,8,予選,晴,東,2,1,5,6,3475,橋 本 久 和,44,45,6.73,6,0.25,,4-5-1,3910,13,4-5,1530,6,1-4-5,510,3,4-5,910,4
20251122,多摩川,8,予選,晴,東,2,1,6,2,3992,関 口 智 久,53,61,6.65,2,0.24,,4-5-1,3910,13,4-5,1530,6,1-4-5,510,3,4-5,910,4
20251122,多摩川,9,戸田特賞,晴,無風,0,0,1,2,4430,永 田 秀 二,37,14,6.67,2,0.04,1.48.1,2-5-3,3310,19,2-5,930,4,2-3-5,940,8,2-5,610,4
20251122,多摩川,9,戸田特賞,晴,無風,0,0,2,5,3655,本 橋 克 洋,46,40,6.82,5,0.13,1.49.5,2-5-3,3310,19,2-5,930,4,2-3-5,940,8,2-5,610,4
20251122,多摩川,9,戸田特賞,晴,無風,0,0,3,3,4508,野 間 大 樹,30,51,6.67,3,0.08,1.51.6,2-5-3,3310,19,2-5,930,4,2-3-5,940,8,2-5,610,4
20251122,多摩川,9,戸田特賞,晴,無風,0,0,4,4,4656,大 崎 翔,52,74,6.72,4,0.13,1.52.6,2-5-3,3310,19,2-5,930,4,2-3-5,940,8,2-5,610,4
20251122,多摩川,9,戸田特賞,晴,無風,0,0,5,6,4413,水 摩 敦,3,63,6.80,6,0.12,,2-5-3,3310,19,2-5,930,4,2-3-5,940,8,2-5,610,4
20251122,多摩川,10,戸田特賞,晴,無風,0,0,1,6,5167,小 川 竜太朗,61,59,6.74,6,0.14,1.48.1,6-4-5,97610,105,6-4,27300,28,4-5-6,3130,11,4-6,4030,12
20251122,多摩川,10,戸田特賞,晴,無風,0,0,2,4,5038,金 田 智 博,55,67,6.72,4,0.23,1.50.6,6-4-5,97610,105,6-4,27300,28,4-5-6,3130,11,4-6,4030,12
20251122,多摩川,10,戸田特賞,晴,無風,0,0,3,5,4040,廣 瀬 将 亨,50,75,6.77,5,0.23,1.51.7,6-4-5,97610,105,6-4,27300,28,4-5-6,3130,11,4-6,4030,12
20251122,多摩川,10,戸田特賞,晴,無風,0,0,4,2,4140,梶 野 学 志,57,34,6.74,2,0.18,1.51.9,6-4-5,97610,105,6-4,27300,28,4-5-6,3130,11,4-6,4030,12
20251122,多摩川,10,戸田特賞,晴,無風,0,0,5,3,3502,渡 邉 英 児,32,37,6.79,3,0.18,,6-4-5,97610,105,6-4,27300,28,4-5-6,3130,11,4-6,4030,12
20251122,多摩川,10,戸田特賞,晴,無風,0,0,6,1,5029,中 亮 太,20,57,6.73,1,0.15,,6-4-5,97610,105,6-4,27300,28,4-5-6,3130,11,4-6,4030,12
20251122,多摩川,11,記者選抜戦,晴,無風,0,0,1,1,4702,三 浦 敬 太,2,64,6.64,1,0.22,1.48.0,1-4-3,2630,9,1-4,1170,5,1-3-4,680,2,1-4,940,4
20251122,多摩川,11,記者選抜戦,晴,無風,0,0,2,4,3986,沖 島 広 和,47,56,6.68,4,0.20,1.49.7,1-4-3,2630,9,1-4,1170,5,1-3-4,680,2,1-4,940,4
20251122,多摩川,11,記者選抜戦,晴,無風,0,0,3,3,4428,有 賀 達 也,59,21,6.69,3,0.19,1.51.1,1-4-3,2630,9,1-4,1170,5,1-3-4,680,2,1-4,940,4
20251122,多摩川,11,記者選抜戦,晴,無風,0,0,4,6,5002,上 田 健 太,34,26,6.74,6,0.15,1.53.0,1-4-3,2630,9,1-4,1170,5,1-3-4,680,2,1-4,940,4
20251122,多摩川,11,記者選抜戦,晴,無風,0,0,5,5,4645,上 村 純 一,5,24,6.67,5,0.14,,1-4-3,2630,9,1-4,1170,5,1-3-4,680,2,1-4,940,4
20251122,多摩川,11,記者選抜戦,晴,無風,0,0,6,2,5085,中 村 栄 治,64,36,6.76,2,0.24,,1-4-3,2630,9,1-4,1170,5,1-3-4,680,2,1-4,940,4
20251122,多摩川,12,戸田選抜戦,晴,無風,0,0,1,1,5051,松 本 純 平,6,62,6.64,1,0.09,1.47.5,1-3-4,1030,2,1-3,370,2,1-3-4,580,2,1-3,240,1
20251122,多摩川,12,戸田選抜戦,晴,無風,0,0,2,3,4095,福 来 剛,54,15,6.76,3,0.06,1.48.8,1-3-4,1030,2,1-3,370,2,1-3-4,580,2,1-3,240,1
20251122,多摩川,12,戸田選抜戦,晴,無風,0,0,3,4,4545,岡 村 慶 太,49,77,6.72,4,0.12,1.49.9,1-3-4,1030,2,1-3,370,2,1-3-4,580,2,1-3,240,1
20251122,多摩川,12,戸田選抜戦,晴,無風,0,0,4,5,4505,島 田 賢 人,40,41,6.70,5,0.16,1.52.6,1-3-4,1030,2,1-3,370,2,1-3-4,580,2,1-3,240,1
20251122,多摩川,12,戸田選抜戦,晴,無風,0,0,5,6,4287,今 井 貴 士,58,46,6.80,6,0.16,,1-3-4,1030,2,1-3,370,2,1-3-4,580,2,1-3,240,1
20251122,多摩川,12,戸田選抜戦,晴,無風,0,0,6,2,4446,和 田 兼 輔,56,76,6.79,2,0.11,,1-3-4,1030,2,1-3,370,2,1-3-4,580,2,1-3,240,1
20251122,多摩川,1,予選,晴,東,3,2,1,1,5234,塚 越 海 斗,41,33,6.80,1,0.09,1.48.9,1-2-4,690,1,1-2,420,1,1-2-4,270,1,1-2,200,1
20251122,多摩川,1,予選,晴,東,3,2,2,2,4581,吉 村 誠,74,55,6.77,2,0.16,1.50.1,1-2-4,690,1,1-2,420,1,1-2-4,270,1,1-2,200,1
20251122,多摩川,1,予選,晴,東,3,2,3,4,4718,北 川 太 一,59,32,6.72,3,0.14,1.50.4,1-2-4,690,1,1-2,420,1,1-2-4,270,1,1-2,200,1
20251122,多摩川,1,予選,晴,東,3,2,4,3,3812,山 崎 聖 司,71,46,6.67,4,0.15,1.52.9,1-2-4,690,1,1-2,420,1,1-2-4,270,1,1-2,200,1
20251122,多摩川,1,予選,晴,東,3,2,5,6,5137,川 原 涼,14,39,6.65,6,0.30,1.54.6,1-2-4,690,1,1-2,420,1,1-2-4,270,1,1-2,200,1
20251122,多摩川,1,予選,晴,東,3,2,6,5,4106,坂 井 康 嗣,39,18,6.60,5,0.21,1.57.8,1-2-4,690,1,1-2,420,1,1-2-4,270,1,1-2,200,1
20251122,多摩川,2,予選,晴,東,2,1,1,6,4468,大 池 佑 来,58,28,6.78,6,0.15,1.47.8,6-2-1,22050,62,6-2,6190,19,1-2-6,620,3,2-6,2300,9
20251122,多摩川,2,予選,晴,東,2,1,2,2,5060,数 原 魁,36,20,6.76,2,0.17,1.50.7,6-2-1,22050,62,6-2,6190,19,1-2-6,620,3,2-6,2300,9
20251122,多摩川,2,予選,晴,東,2,1,3,1,3757,畑 和 宏,52,52,6.62,1,0.17,1.50.8,6-2-1,22050,62,6-2,6190,19,1-2-6,620,3,2-6,2300,9
20251122,多摩川,2,予選,晴,東,2,1,4,4,5280,廣 瀬 凜,16,37,6.71,4,0.10,1.52.6,6-2-1,22050,62,6-2,6190,19,1-2-6,620,3,2-6,2300,9
20251122,多摩川,2,予選,晴,東,2,1,5,5,3406,中 里 英 夫,31,35,6.66,5,0.14,1.53.1,6-2-1,22050,62,6-2,6190,19,1-2-6,620,3,2-6,2300,9
20251122,多摩川,2,予選,晴,東,2,1,6,3,3730,塩 崎 優 司,29,16,6.82,3,0.13,1.56.0,6-2-1,22050,62,6-2,6190,19,1-2-6,620,3,2-6,2300,9
20251122,多摩川,3,予選,晴,東,2,1,1,3,5043,中 村 日 向,25,43,6.60,5,0.10,1.47.8,3-2-4,3200,11,3-2,500,1,2-3-4,1370,6,2-3,240,1
20251122,多摩川,3,予選,晴,東,2,1,2,2,4086,寺 本 重 宣,33,50,6.61,4,0.12,1.49.7,3-2-4,3200,11,3-2,500,1,2-3-4,1370,6,2-3,240,1
20251122,多摩川,3,予選,晴,東,2,1,3,4,3346,宮 本 裕 之,57,11,6.77,6,0.12,1.52.3,3-2-4,3200,11,3-2,500,1,2-3-4,1370,6,2-3,240,1
20251122,多摩川,3,予選,晴,東,2,1,4,1,3277,齋 藤 勇,35,13,6.70,1,0.13,1.53.2,3-2-4,3200,11,3-2,500,1,2-3-4,1370,6,2-3,240,1
20251122,多摩川,3,予選,晴,東,2,1,5,5,5010,宇留田 翔 平,26,51,6.71,2,0.14,1.54.2,3-2-4,3200,11,3-2,500,1,2-3-4,1370,6,2-3,240,1
20251122,多摩川,3,予選,晴,東,2,1,6,6,3582,吉 川 昭 男,54,23,6.72,3,0.23,1.55.9,3-2-4,3200,11,3-2,500,1,2-3-4,1370,6,2-3,240,1
20251122,多摩川,4,予選,晴,東,1,1,1,3,4584,村 岡 賢 人,55,38,6.82,3,0.15,1.48.0,3-2-5,1260,2,3-2,330,2,2-3-5,480,2,2-3,220,1
20251122,多摩川,4,予選,晴,東,1,1,2,2,4472,尾 嶋 一 広,68,24,6.70,2,0.21,1.50.2,3-2-5,1260,2,3-2,330,2,2-3-5,480,2,2-3,220,1
20251122,多摩川,4,予選,晴,東,1,1,3,5,4420,津久井 拓 也,45,31,6.84,5,0.19,1.51.3,3-2-5,1260,2,3-2,330,2,2-3-5,480,2,2-3,220,1
20251122,多摩川,4,予選,晴,東,1,1,4,4,4898,菊 地 敬 介,61,47,6.81,4,0.13,1.52.7,3-2-5,1260,2,3-2,330,2,2-3-5,480,2,2-3,220,1
20251122,多摩川,4,予選,晴,東,1,1,5,1,3797,岩 井 繁,70,42,6.79,1,0.25,1.55.3,3-2-5,1260,2,3-2,330,2,2-3-5,480,2,2-3,220,1
20251122,多摩川,4,予選,晴,東,1,1,6,6,4557,松 尾 光 広,64,41,6.73,6,0.31,1.56.9,3-2-5,1260,2,3-2,330,2,2-3-5,480,2,2-3,220,1
20251122,多摩川,5,予選,晴,北東,1,1,1,1,5196,鰐 部 太空海,46,44,6.74,1,0.12,1.49.4,1-3-2,1920,8,1-3,350,1,1-2-3,1030,6,1-3,540,4
20251122,多摩川,5,予選,晴,北東,1,1,2,3,3445,加 藤 高 史,53,45,6.80,3,0.22,1.50.7,1-3-2,1920,8,1-3,350,1,1-2-3,1030,6,1-3,540,4
20251122,多摩川,5,予選,晴,北東,1,1,3,2,4463,三 苫 晃 幸,51,40,6.90,2,0.21,1.51.3,1-3-2,1920,8,1-3,350,1,1-2-3,1030,6,1-3,540,4
20251122,多摩川,5,予選,晴,北東,1,1,4,4,3478,嶋 田 貴 支,38,36,6.76,4,0.20,1.53.4,1-3-2,1920,8,1-3,350,1,1-2-3,1030,6,1-3,540,4
20251122,多摩川,5,予選,晴,北東,1,1,5,5,4051,清 水 敦 揮,69,54,6.90,6,0.23,1.53.9,1-3-2,1920,8,1-3,350,1,1-2-3,1030,6,1-3,540,4
20251122,多摩川,5,予選,晴,北東,1,1,6,6,4168,石 野 貴 之,34,30,6.70,5,0.21,1.58.0,1-3-2,1920,8,1-3,350,1,1-2-3,1030,6,1-3,540,4
20251122,多摩川,6,ドラドキ目玉,晴,北東,1,1,1,4,5359,佐 藤 世 那,24,19,6.79,5,0.02,1.48.5,4-1-3,51190,50,4-1,4030,7,1-3-4,2220,10,1-4,840,5
20251122,多摩川,6,ドラドキ目玉,晴,北東,1,1,2,1,4084,杉 山 正 樹,40,21,6.70,1,0.14,1.51.7,4-1-3,51190,50,4-1,4030,7,1-3-4,2220,10,1-4,840,5
20251122,多摩川,6,ドラドキ目玉,晴,北東,1,1,3,3,4106,坂 井 康 嗣,39,18,6.71,3,0.12,1.52.3,4-1-3,51190,50,4-1,4030,7,1-3-4,2220,10,1-4,840,5
20251122,多摩川,6,ドラドキ目玉,晴,北東,1,1,4,5,3268,森 竜 也,56,17,6.77,4,0.06,1.53.6,4-1-3,51190,50,4-1,4030,7,1-3-4,2220,10,1-4,840,5
20251122,多摩川,6,ドラドキ目玉,晴,北東,1,1,5,6,3352,小 川 晃 司,20,27,6.82,6,0.21,1.54.3,4-1-3,51190,50,4-1,4030,7,1-3-4,2220,10,1-4,840,5
20251122,多摩川,6,ドラドキ目玉,晴,北東,1,1,6,2,3630,黒 田 誠 司,23,22,6.76,2,0.20,1.55.1,4-1-3,51190,50,4-1,4030,7,1-3-4,2220,10,1-4,840,5
20251122,多摩川,7,ドラドキ３,晴,無風,0,0,1,3,4787,椎 名 豊,32,15,6.68,3,0.05,1.49.8,3-2-5,4040,15,3-2,1150,4,2-3-5,1920,6,2-3,880,3
20251122,多摩川,7,ドラドキ３,晴,無風,0,0,2,2,4789,古 賀 智 之,28,14,6.68,2,0.13,1.51.3,3-2-5,4040,15,3-2,1150,4,2-3-5,1920,6,2-3,880,3
20251122,多摩川,7,ドラドキ３,晴,無風,0,0,3,5,4056,小 西 英 輝,63,34,6.69,5,0.04,1.52.5,3-2-5,4040,15,3-2,1150,4,2-3-5,1920,6,2-3,880,3
20251122,多摩川,7,ドラドキ３,晴,無風,0,0,4,1,5060,数 原 魁,36,20,6.64,1,0.15,1.54.4,3-2-5,4040,15,3-2,1150,4,2-3-5,1920,6,2-3,880,3
20251122,多摩川,7,ドラドキ３,晴,無風,0,0,5,6,5427,港 理 樹,13,49,6.61,6,0.03,1.55.6,3-2-5,4040,15,3-2,1150,4,2-3-5,1920,6,2-3,880,3
20251122,多摩川,7,ドラドキ３,晴,無風,0,0,6,4,3692,竹 腰 正 樹,49,48,6.78,4,0.06,1.58.8,3-2-5,4040,15,3-2,1150,4,2-3-5,1920,6,2-3,880,3
20251122,多摩川,8,ドラドキ５,晴,無風,0,0,1,1,3406,中 里 英 夫,31,35,6.69,1,0.21,2.03.0,1-3-2,2580,9,1-3,550,2,1-2-3,1270,5,1-3,560,3
20251122,多摩川,8,ドラドキ５,晴,無風,0,0,2,3,3346,宮 本 裕 之,57,11,6.70,3,0.18,2.04.1,1-3-2,2580,9,1-3,550,2,1-2-3,1270,5,1-3,560,3
20251122,多摩川,8,ドラドキ５,晴,無風,0,0,3,2,4898,菊 地 敬 介,61,47,6.71,2,0.25,2.06.7,1-3-2,2580,9,1-3,550,2,1-2-3,1270,5,1-3,560,3
20251122,多摩川,8,ドラドキ５,晴,無風,0,0,4,4,3812,山 崎 聖 司,71,46,6.65,4,0.18,2.09.0,1-3-2,2580,9,1-3,550,2,1-2-3,1270,5,1-3,560,3
20251122,多摩川,8,ドラドキ５,晴,無風,0,0,5,6,3503,堂 原 洋 史,66,53,6.67,6,0.24,2.14.0,1-3-2,2580,9,1-3,550,2,1-2-3,1270,5,1-3,560,3
20251122,多摩川,9,予選特賞,晴,無風,0,0,1,3,5280,廣 瀬 凜,16,37,6.67,3,0.16,1.49.0,3-1-2,3240,12,3-1,1480,5,1-2-3,230,1,1-3,330,2
20251122,多摩川,9,予選特賞,晴,無風,0,0,2,1,4420,津久井 拓 也,45,31,6.72,1,0.22,1.50.3,3-1-2,3240,12,3-1,1480,5,1-2-3,230,1,1-3,330,2
20251122,多摩川,9,予選特賞,晴,無風,0,0,3,2,5043,中 村 日 向,25,43,6.72,2,0.24,1.51.7,3-1-2,3240,12,3-1,1480,5,1-2-3,230,1,1-3,330,2
20251122,多摩川,9,予選特賞,晴,無風,0,0,4,6,4718,北 川 太 一,59,32,6.60,6,0.18,1.52.0,3-1-2,3240,12,3-1,1480,5,1-2-3,230,1,1-3,330,2
20251122,多摩川,9,予選特賞,晴,無風,0,0,5,4,4010,越 智 照 浩,18,26,6.76,4,0.17,1.53.1,3-1-2,3240,12,3-1,1480,5,1-2-3,230,1,1-3,330,2
20251122,多摩川,9,予選特賞,晴,無風,0,0,6,5,4463,三 苫 晃 幸,51,40,6.68,5,0.19,1.55.1,3-1-2,3240,12,3-1,1480,5,1-2-3,230,1,1-3,330,2
20251122,多摩川,10,予選特賞,晴,西,1,1,1,1,4584,村 岡 賢 人,55,38,6.77,1,0.19,1.47.6,1-5-2,1000,3,1-5,600,2,1-2-5,220,1,1-5,680,2
20251122,多摩川,10,予選特賞,晴,西,1,1,2,5,5196,鰐 部 太空海,46,44,6.61,5,0.10,1.49.3,1-5-2,1000,3,1-5,600,2,1-2-5,220,1,1-5,680,2
20251122,多摩川,10,予選特賞,晴,西,1,1,3,2,4468,大 池 佑 来,58,28,6.62,2,0.18,1.51.4,1-5-2,1000,3,1-5,600,2,1-2-5,220,1,1-5,680,2
20251122,多摩川,10,予選特賞,晴,西,1,1,4,6,4581,吉 村 誠,74,55,6.76,6,0.11,1.52.7,1-5-2,1000,3,1-5,600,2,1-2-5,220,1,1-5,680,2
20251122,多摩川,10,予選特賞,晴,西,1,1,5,3,3848,川 上 聡 介,65,29,6.72,3,0.13,1.53.1,1-5-2,1000,3,1-5,600,2,1-2-5,220,1,1-5,680,2
20251122,多摩川,10,予選特賞,晴,西,1,1,6,4,3630,黒 田 誠 司,23,22,6.68,4,0.19,1.55.4,1-5-2,1000,3,1-5,600,2,1-2-5,220,1,1-5,680,2
20251122,多摩川,11,予選特選,晴,無風,0,0,1,1,4472,尾 嶋 一 広,68,24,6.70,1,0.18,1.47.6,1-5-2,770,3,1-5,520,3,1-2-5,210,1,1-5,340,3
20251122,多摩川,11,予選特選,晴,無風,0,0,2,5,4084,杉 山 正 樹,40,21,6.66,5,0.23,1.49.6,1-5-2,770,3,1-5,520,3,1-2-5,210,1,1-5,340,3
20251122,多摩川,11,予選特選,晴,無風,0,0,3,2,4051,清 水 敦 揮,69,54,6.66,2,0.20,1.50.8,1-5-2,770,3,1-5,520,3,1-2-5,210,1,1-5,340,3
20251122,多摩川,11,予選特選,晴,無風,0,0,4,3,3582,吉 川 昭 男,54,23,6.76,3,0.21,1.52.2,1-5-2,770,3,1-5,520,3,1-2-5,210,1,1-5,340,3
20251122,多摩川,11,予選特選,晴,無風,0,0,5,6,3692,竹 腰 正 樹,49,48,6.75,6,0.22,1.54.6,1-5-2,770,3,1-5,520,3,1-2-5,210,1,1-5,340,3
20251122,多摩川,11,予選特選,晴,無風,0,0,6,4,3507,藤 井 徹,12,12,6.81,4,0.24,1.55.5,1-5-2,770,3,1-5,520,3,1-2-5,210,1,1-5,340,3
20251122,多摩川,12,桐生特選,晴,西,1,1,1,1,4787,椎 名 豊,32,15,6.84,1,0.16,1.47.3,1-5-3,1400,6,1-5,580,3,1-3-5,510,3,1-5,470,3
20251122,多摩川,12,桐生特選,晴,西,1,1,2,5,4086,寺 本 重 宣,33,50,6.70,5,0.22,1.49.4,1-5-3,1400,6,1-5,580,3,1-3-5,510,3,1-5,470,3
20251122,多摩川,12,桐生特選,晴,西,1,1,3,3,4067,永 井 源,30,25,6.72,3,0.19,1.51.6,1-5-3,1400,6,1-5,580,3,1-3-5,510,3,1-5,470,3
20251122,多摩川,12,桐生特選,晴,西,1,1,4,2,4168,石 野 貴 之,34,30,6.68,2,0.20,1.53.2,1-5-3,1400,6,1-5,580,3,1-3-5,510,3,1-5,470,3
20251122,多摩川,12,桐生特選,晴,西,1,1,5,4,3797,岩 井 繁,70,42,6.82,4,0.28,1.54.0,1-5-3,1400,6,1-5,580,3,1-3-5,510,3,1-5,470,3
20251122,多摩川,12,桐生特選,晴,西,1,1,6,6,3730,塩 崎 優 司,29,16,6.83,6,0.32,1.54.9,1-5-3,1400,6,1-5,580,3,1-3-5,510,3,1-5,470,3
